parent_name,rank,attributed_co2e,quadrant,pqs_composite,eps_score,scvs_score,cccs_composite,cccs_partial_composite,cccs_rank,cccs_partial_rank,pct_per_yr,parent_intercept
Vistra Corp,1,85937204.172,Credible Leader,64.0,50.0,83.33333333333334,64.43940149772543,64.5497224367903,6.0,11.0,-1.4055885446727303,-0.0776292169850734
THE SOUTHERN CO,2,75861755.6183456,Quiet Achiever,48.0,54.0,33.33333333333333,43.486779820661745,42.42640687119284,12.0,24.0,-1.6234161215885647,-0.0309397011896095
DUKE ENERGY CORP,3,72061601.2416672,Credible Leader,56.0,72.0,6.25,25.758621104534676,21.213203435596427,19.0,40.0,-2.858175479887755,0.0056613660709644
BERKSHIRE HATHAWAY INC,4,49384249.6993898,Quiet Achiever,0.0,68.0,85.41666666666666,32.03469642795201,76.21242243449122,16.0,6.0,-2.4731677881560152,0.0890462501227927
AMERICAN ELECTRIC POWER CO INC,5,48784620.2728486,Credible Leader,50.0,90.0,89.58333333333334,79.86967034507803,89.79142498033985,1.0,2.0,-5.499859670010058,0.1146738151884243
CPN MANAGEMENT LP,6,47673630.70474,Talk-NA,,12.0,100.0,,34.64101615137755,,31.0,1.214785478739413,-0.2944945704648787
NEXTERA ENERGY INC,7,42308580.718371,Greenwasher,74.0,34.0,97.91666666666666,60.64298343218215,57.6989312437125,7.0,14.0,-0.2538347676388725,-0.1943464732330466
US GOVERNMENT,8,38026818.263,Talk-NA,,92.0,70.83333333333334,,80.7258735887489,,4.0,-5.970283269399525,-0.0674886908387362
ENTERGY CORP,9,37833221.1539876,Greenwasher,53.0,22.0,72.91666666666666,42.359904179602204,40.052049468993054,13.0,25.0,0.5241451602730257,-0.0735002010570775
XCEL ENERGY INC,10,35249025.4066756,Credible Leader,66.0,78.0,12.5,36.26691658296619,31.224989991991993,15.0,36.0,-3.447654870043152,-0.0088833545690051
DOMINION ENERGY INC,11,28231416.741,Quiet Achiever,28.0,56.00000000000001,62.5,50.93998632132471,59.16079783099615,9.0,13.0,-1.8281070135618367,-0.0589031003861423
PPL CORP,12,26771409.22,Quiet Achiever,46.0,60.0,54.166666666666664,54.614116289034286,57.008771254956876,8.0,15.0,-1.96893196506691,0.0509017948960092
EVERGY INC,13,22924449.75078,Quiet Achiever,24.0,86.0,95.83333333333334,69.57420725212991,90.78362554264216,4.0,1.0,-4.683976736462765,0.1832275961125982
DTE ENERGY CO,14,21935698.012,Credible Leader,73.0,74.0,75.0,74.19621743625507,74.49832212875667,3.0,7.0,-3.068727214650931,0.0754612481642225
NRG ENERGY INC,15,21733149.53004,Credible Leader,63.0,96.0,68.75,77.21215682687968,81.24038404635961,2.0,3.0,-7.67559612299589,0.0672401485621
AMEREN CORP,16,19669522.87,Credible Leader,66.0,76.0,25.0,47.35984010776412,43.58898943540674,10.0,22.0,-3.1495004770497816,0.0215954521783234
LIGHTSTONE GENERATION LLC,17,19136181.374,Talk-NA,,36.0,41.66666666666667,,38.72983346207417,,27.0,-0.3290683096967324,-0.0378323385730597
BASIN ELECTRIC POWER COOPERATIVE,18,18201329.5304914,Talk-NA,,30.0,52.083333333333336,,39.52847075210474,,26.0,-0.1864986998958466,0.048821062554734
WEC Energy Group Inc,19,16948663.51912,Laggard,46.0,18.0,22.916666666666664,23.917795455599954,20.3100960115899,21.0,42.0,0.7127598584602355,0.0207181811063313
CMS ENERGY CORP,20,16594386.4522564,Greenwasher,52.0,20.0,31.25,28.94360853382896,25.000000000000007,17.0,38.0,0.6600927440498772,0.0288166200602966
SALT RIVER PROJECT AGRICULTURAL IMPROVEMENT & POWER DISTRICT,21,15877678.105612,Talk-NA,,44.0,8.333333333333332,,19.148542155126755,,44.0,-0.7457166316772565,0.0072990781595355
ASSOCIATED ELECTRIC COOPERATIVE INC,22,15571682.052,Talk-NA,,24.0,47.91666666666667,,33.91164991562635,,32.0,0.3610563778206698,-0.0474687331733136
FIRSTENERGY CORP,23,15258135.972,Laggard,30.0,42.0,64.58333333333334,46.64146141405575,52.081666639999135,11.0,19.0,-0.6187996715741378,0.0622820403685987
SOUTH CAROLINA PUBLIC SERVICE AUTHORITY,24,14096572.936,Talk-NA,,82.0,58.333333333333336,,69.16164640415478,,9.0,-3.919370173623555,0.0528458190643852
ALLIANT ENERGY CORP,25,12978130.6224172,Quiet Achiever,49.0,64.0,81.25,66.74835290864081,72.11102550927973,5.0,8.0,-2.19998635507697,0.0770166845475141
AES CORP,26,12393435.468,Quiet Achiever,48.0,70.0,18.75,38.325512608351836,36.22844186547361,14.0,29.0,-2.8275685142557383,-0.0160285412153759
PRAIRIE STATE ENERGY CAMPUS MANAGEMENT CO,27,11456294.642,Talk-NA,,2.0,43.75,,9.35414346693485,,46.0,7.485211714081001,0.0421188826323373
"LS Power Development, LLC",28,10829542.342,Talk-NA,,4.0,91.66666666666666,,19.148542155126766,,43.0,5.689091569914498,-0.1169069965137897
CPS ENERGY,29,10609733.430165552,Talk-NA,,28.000000000000004,35.41666666666667,,31.49073937948531,,35.0,0.0062257184882852,-0.0321095147259749
PINNACLE WEST CAPITAL CORP,30,10537824.43364,Quiet Achiever,0.0,88.0,27.083333333333332,22.432305704387524,48.819395052922715,22.0,21.0,-4.852621969166249,0.0238658241526129
TALEN ENERGY CORP,31,10478774.8311292,Quiet Achiever,0.0,100.0,4.166666666666666,11.166459711038103,20.412414523193153,23.0,41.0,-9.68483346911511,0.0045878845784982
ARCLIGHT ENERGY PARTNERS FUND VII LP,32,10185496.837,Talk-NA,,10.0,93.75,,30.618621784789724,,37.0,1.6468020672919192,-0.1281854541138083
OGLETHORPE POWER CORP,33,10016297.398,Talk-NA,,62.0,29.166666666666668,,42.524502740576914,,23.0,-1.9717162209941828,-0.0284794996399209
BUCKEYE POWER INC,34,9421839.57,Talk-NA,,8.0,10.416666666666668,,9.12870929175277,,47.0,1.897134706204853,0.0084183281441814
CONSTELLATION ENERGY CORP,35,8929938.686,Greenwasher,56.0,6.0,87.5,27.39689383231332,22.9128784747792,18.0,39.0,5.015073859265157,-0.1138713736607541
CLECO CORPORATE HOLDINGS LLC,36,8612058.1581472,Talk-NA,,26.0,50.0,,36.05551275463989,,30.0,0.1613160393890934,-0.0480089885277916
LOWER COLORADO RIVER AUTHORITY,37,8428181.7420778,Talk-NA,,14.000000000000002,16.666666666666664,,15.275252316519468,,45.0,1.1086136433619531,0.013651956954518
NEBRASKA PUBLIC POWER DISTRICT,38,8312557.063999999,Talk-NA,,66.0,45.83333333333333,,54.999999999999964,,18.0,-2.4346724474942287,0.0453792433600327
TRI-STATE GENERATION & TRANSMISSION ASSOC INC,39,8262405.5084358,Talk-NA,,57.99999999999999,79.16666666666666,,67.76183783418705,,10.0,-1.955227535909858,0.0768747145723708
EAST KENTUCKY POWER COOPERATIVE INC,40,8158933.61,Talk-NA,,52.0,60.416666666666664,,56.050572402667484,,17.0,-1.5836636892669105,0.0575708326483793
OGE ENERGY CORP,41,7771285.9518,Quiet Achiever,4.0,98.0,14.583333333333334,24.12376835661824,37.80432074071253,20.0,28.0,-8.341914351144824,-0.009503683289743
OMAHA PUBLIC POWER DISTRICT,42,7767449.699999999,Talk-NA,,80.0,77.08333333333334,,78.52812659593164,,5.0,-3.7684647292491698,0.0763423935889927
REMC ASSETS LP,43,7716347.05,Talk-NA,,46.0,56.25,,50.867474873439505,,20.0,-0.7559031031390636,0.0510397831948162
TECO ENERGY INC,44,7516202.62,Talk-NA,,94.0,39.58333333333333,,60.99863386448365,,12.0,-6.426053714211331,-0.0337869206432484
PUGET HOLDINGS LLC,45,7340460.139574,Talk-NA,,16.0,66.66666666666666,,32.659863237109036,,33.0,0.8024622054603969,0.0667326539632568
UNS ENERGY CORP,46,7295955.46295952,Laggard,0.0,38.0,2.083333333333333,5.746679064281239,8.897565210026091,24.0,48.0,-0.3581128013763289,-0.0029500361061529
SEMINOLE ELECTRIC COOPERATIVE INC,47,6972461.42,Talk-NA,,48.0,20.833333333333336,,31.62277660168379,,34.0,-1.1715036964906835,0.0167641759792834
ARKANSAS ELECTRIC COOPERATIVE CORP,48,6779310.196795,Talk-NA,,84.0,37.5,,56.1248608016091,,16.0,-3.9922353028060305,0.0323635579803398
MARATHON PETROLEUM CORP,49,6633324.474,Greenwasher,54.0,40.0,,,,,,-0.4041619039132941,
EXXON MOBIL CORP,50,5979836.674,Greenwasher,58.0,32.0,,,,,,-0.2031308589132041,
