parent_name,year,facilities,attributed_co2e,n_reporting
AES CORP,2011,8,17740816.088,8
AES CORP,2012,8,17065391.810000002,8
AES CORP,2013,8,18064830.782,8
AES CORP,2014,8,18663763.266000003,8
AES CORP,2015,8,15637509.208,8
AES CORP,2016,8,13590085.582,8
AES CORP,2017,8,13158254.604,8
AES CORP,2018,8,13476811.686,8
AES CORP,2019,8,13815413.172,8
AES CORP,2020,8,12126068.901999999,8
AES CORP,2021,8,14635351.706,8
AES CORP,2022,8,15400588.138,8
AES CORP,2023,8,12393435.468,8
ALLIANT ENERGY CORP,2011,15,17520487.9296344,15
ALLIANT ENERGY CORP,2012,15,16364708.814824801,15
ALLIANT ENERGY CORP,2013,15,16052334.5641696,15
ALLIANT ENERGY CORP,2014,15,15237490.558534,15
ALLIANT ENERGY CORP,2015,15,15182035.2324648,14
ALLIANT ENERGY CORP,2016,15,14405632.152556801,14
ALLIANT ENERGY CORP,2017,15,16421158.7577348,14
ALLIANT ENERGY CORP,2018,15,17214639.6647324,15
ALLIANT ENERGY CORP,2019,15,13665677.3312916,15
ALLIANT ENERGY CORP,2020,15,12069420.8750532,15
ALLIANT ENERGY CORP,2021,15,14970951.8454048,15
ALLIANT ENERGY CORP,2022,15,12631885.1248636,15
ALLIANT ENERGY CORP,2023,15,12978130.6224172,15
AMEREN CORP,2011,11,37260492.019999996,11
AMEREN CORP,2012,11,30296483.711999997,11
AMEREN CORP,2013,11,29969822.632,11
AMEREN CORP,2014,11,30432530.624,11
AMEREN CORP,2015,11,28319298.842,11
AMEREN CORP,2016,11,26596742.244,11
AMEREN CORP,2017,11,29995757.76,11
AMEREN CORP,2018,11,29344947.722,11
AMEREN CORP,2019,11,24205850.4,11
AMEREN CORP,2020,11,25759240.166,11
AMEREN CORP,2021,11,27981534.718000002,11
AMEREN CORP,2022,11,24745347.054,11
AMEREN CORP,2023,11,19669522.87,11
AMERICAN ELECTRIC POWER CO INC,2011,24,98419361.5294544,22
AMERICAN ELECTRIC POWER CO INC,2012,24,88090039.63998841,24
AMERICAN ELECTRIC POWER CO INC,2013,24,83369519.4469114,24
AMERICAN ELECTRIC POWER CO INC,2014,24,89529719.0450986,24
AMERICAN ELECTRIC POWER CO INC,2015,24,75334188.21203001,24
AMERICAN ELECTRIC POWER CO INC,2016,24,71644802.8167364,24
AMERICAN ELECTRIC POWER CO INC,2017,24,71677440.5846184,24
AMERICAN ELECTRIC POWER CO INC,2018,24,71077788.6573382,24
AMERICAN ELECTRIC POWER CO INC,2019,24,62360977.072928,24
AMERICAN ELECTRIC POWER CO INC,2020,24,48970552.146195,24
AMERICAN ELECTRIC POWER CO INC,2021,24,58332888.853351004,24
AMERICAN ELECTRIC POWER CO INC,2022,24,55211173.855608195,24
AMERICAN ELECTRIC POWER CO INC,2023,24,48784620.2728486,24
ARCLIGHT ENERGY PARTNERS FUND VII LP,2011,14,8136427.278999999,13
ARCLIGHT ENERGY PARTNERS FUND VII LP,2012,14,8296589.331,13
ARCLIGHT ENERGY PARTNERS FUND VII LP,2013,14,8572376.437,13
ARCLIGHT ENERGY PARTNERS FUND VII LP,2014,14,9079375.405,13
ARCLIGHT ENERGY PARTNERS FUND VII LP,2015,14,9692831.378,13
ARCLIGHT ENERGY PARTNERS FUND VII LP,2016,14,8121739.825,13
ARCLIGHT ENERGY PARTNERS FUND VII LP,2017,14,6604655.391,13
ARCLIGHT ENERGY PARTNERS FUND VII LP,2018,14,8436848.714,14
ARCLIGHT ENERGY PARTNERS FUND VII LP,2019,14,9346185.715,14
ARCLIGHT ENERGY PARTNERS FUND VII LP,2020,14,9458606.353,14
ARCLIGHT ENERGY PARTNERS FUND VII LP,2021,14,9775682.384,14
ARCLIGHT ENERGY PARTNERS FUND VII LP,2022,14,10061278.84,14
ARCLIGHT ENERGY PARTNERS FUND VII LP,2023,14,10185496.837000001,14
ARKANSAS ELECTRIC COOPERATIVE CORP,2011,9,10267833.5617,8
ARKANSAS ELECTRIC COOPERATIVE CORP,2012,9,10657523.61331,9
ARKANSAS ELECTRIC COOPERATIVE CORP,2013,9,10153793.684483,9
ARKANSAS ELECTRIC COOPERATIVE CORP,2014,9,9893208.8288098,9
ARKANSAS ELECTRIC COOPERATIVE CORP,2015,9,6524095.7176168,9
ARKANSAS ELECTRIC COOPERATIVE CORP,2016,9,7511648.9212704,9
ARKANSAS ELECTRIC COOPERATIVE CORP,2017,9,8158357.8801664,9
ARKANSAS ELECTRIC COOPERATIVE CORP,2018,9,9323887.3661662,9
ARKANSAS ELECTRIC COOPERATIVE CORP,2019,9,7593318.062888399,9
ARKANSAS ELECTRIC COOPERATIVE CORP,2020,9,5175880.1806278,9
ARKANSAS ELECTRIC COOPERATIVE CORP,2021,9,6991099.7163194,9
ARKANSAS ELECTRIC COOPERATIVE CORP,2022,9,7505372.419051,9
ARKANSAS ELECTRIC COOPERATIVE CORP,2023,9,6779310.196795,9
ASSOCIATED ELECTRIC COOPERATIVE INC,2011,7,16469136.408,7
ASSOCIATED ELECTRIC COOPERATIVE INC,2012,7,16445722.498,7
ASSOCIATED ELECTRIC COOPERATIVE INC,2013,7,16864948.338,7
ASSOCIATED ELECTRIC COOPERATIVE INC,2014,7,16402586.656,7
ASSOCIATED ELECTRIC COOPERATIVE INC,2015,7,15174683.141999999,7
ASSOCIATED ELECTRIC COOPERATIVE INC,2016,7,15103157.537999999,7
ASSOCIATED ELECTRIC COOPERATIVE INC,2017,7,15973607.654,7
ASSOCIATED ELECTRIC COOPERATIVE INC,2018,7,18123152.306,7
ASSOCIATED ELECTRIC COOPERATIVE INC,2019,7,18623427.284,7
ASSOCIATED ELECTRIC COOPERATIVE INC,2020,7,16507874.61,7
ASSOCIATED ELECTRIC COOPERATIVE INC,2021,7,16710688.146,7
ASSOCIATED ELECTRIC COOPERATIVE INC,2022,7,17780560.48,7
ASSOCIATED ELECTRIC COOPERATIVE INC,2023,7,15571682.052000001,7
BASIN ELECTRIC POWER COOPERATIVE,2011,10,16569551.7914594,7
BASIN ELECTRIC POWER COOPERATIVE,2012,10,19238971.7390998,8
BASIN ELECTRIC POWER COOPERATIVE,2013,10,20507588.4957906,10
BASIN ELECTRIC POWER COOPERATIVE,2014,10,19005642.9424092,10
BASIN ELECTRIC POWER COOPERATIVE,2015,10,20487994.590026,10
BASIN ELECTRIC POWER COOPERATIVE,2016,10,19872306.020348,10
BASIN ELECTRIC POWER COOPERATIVE,2017,10,19719923.70859,10
BASIN ELECTRIC POWER COOPERATIVE,2018,10,19834000.947642602,10
BASIN ELECTRIC POWER COOPERATIVE,2019,10,19372840.909241002,10
BASIN ELECTRIC POWER COOPERATIVE,2020,10,18106422.6357164,10
BASIN ELECTRIC POWER COOPERATIVE,2021,10,17160312.9860962,10
BASIN ELECTRIC POWER COOPERATIVE,2022,10,19658249.6691534,10
BASIN ELECTRIC POWER COOPERATIVE,2023,10,18201329.5304914,10
BERKSHIRE HATHAWAY INC,2011,34,66898720.3688486,33
BERKSHIRE HATHAWAY INC,2012,34,69270331.0085188,34
BERKSHIRE HATHAWAY INC,2013,34,70440611.9231362,34
BERKSHIRE HATHAWAY INC,2014,34,68668112.63651259,34
BERKSHIRE HATHAWAY INC,2015,34,67123697.009147,34
BERKSHIRE HATHAWAY INC,2016,34,61659779.6870798,34
BERKSHIRE HATHAWAY INC,2017,34,60961738.6043344,34
BERKSHIRE HATHAWAY INC,2018,34,64487183.8074108,34
BERKSHIRE HATHAWAY INC,2019,34,60317357.6217742,34
BERKSHIRE HATHAWAY INC,2020,34,52661937.90033,34
BERKSHIRE HATHAWAY INC,2021,34,60034540.5244292,34
BERKSHIRE HATHAWAY INC,2022,34,54528609.3704222,34
BERKSHIRE HATHAWAY INC,2023,34,49384249.6993898,34
BUCKEYE POWER INC,2011,3,7453482.984,3
BUCKEYE POWER INC,2012,3,6995113.728,3
BUCKEYE POWER INC,2013,3,9996656.618,3
BUCKEYE POWER INC,2014,3,9895266.086000001,3
BUCKEYE POWER INC,2015,3,8335046.301999999,3
BUCKEYE POWER INC,2016,3,8612763.940000001,3
BUCKEYE POWER INC,2017,3,10147110.656,3
BUCKEYE POWER INC,2018,3,9828003.228,3
BUCKEYE POWER INC,2019,3,9553588.88,3
BUCKEYE POWER INC,2020,3,9384957.35,3
BUCKEYE POWER INC,2021,3,10051879.117999999,3
BUCKEYE POWER INC,2022,3,10551045.932,3
BUCKEYE POWER INC,2023,3,9421839.57,3
CLECO CORPORATE HOLDINGS LLC,2011,7,8866385.8671008,7
CLECO CORPORATE HOLDINGS LLC,2012,7,9224370.1624048,7
CLECO CORPORATE HOLDINGS LLC,2013,7,9636993.732225599,7
CLECO CORPORATE HOLDINGS LLC,2014,7,8988431.160537599,7
CLECO CORPORATE HOLDINGS LLC,2015,7,10201122.5577792,7
CLECO CORPORATE HOLDINGS LLC,2016,7,9501893.3732352,7
CLECO CORPORATE HOLDINGS LLC,2017,7,9608135.721776,7
CLECO CORPORATE HOLDINGS LLC,2018,7,11117072.402268799,7
CLECO CORPORATE HOLDINGS LLC,2019,7,10199162.40416,7
CLECO CORPORATE HOLDINGS LLC,2020,7,9233976.316831999,7
CLECO CORPORATE HOLDINGS LLC,2021,7,9230160.8759872,7
CLECO CORPORATE HOLDINGS LLC,2022,7,9947197.6534528,7
CLECO CORPORATE HOLDINGS LLC,2023,7,8612058.1581472,7
CMS ENERGY CORP,2011,9,16759805.5877294,9
CMS ENERGY CORP,2012,9,17836408.7777176,9
CMS ENERGY CORP,2013,9,17139460.535265,9
CMS ENERGY CORP,2014,9,16486015.563679598,9
CMS ENERGY CORP,2015,9,18572803.995554402,9
CMS ENERGY CORP,2016,9,17566262.9169748,9
CMS ENERGY CORP,2017,9,18312002.611286,9
CMS ENERGY CORP,2018,9,18532575.982315198,9
CMS ENERGY CORP,2019,9,19010247.612754002,9
CMS ENERGY CORP,2020,9,16990368.2426016,9
CMS ENERGY CORP,2021,9,19627164.4269372,9
CMS ENERGY CORP,2022,9,19682372.806612,9
CMS ENERGY CORP,2023,9,16594386.4522564,9
CONSTELLATION ENERGY CORP,2011,9,6387049.5,7
CONSTELLATION ENERGY CORP,2012,9,6140980.884,7
CONSTELLATION ENERGY CORP,2013,9,4739817.752,7
CONSTELLATION ENERGY CORP,2014,9,3250500.91,7
CONSTELLATION ENERGY CORP,2015,9,4019630.384,7
CONSTELLATION ENERGY CORP,2016,9,5854286.704,7
CONSTELLATION ENERGY CORP,2017,9,7145165.859999999,9
CONSTELLATION ENERGY CORP,2018,9,8112563.076,9
CONSTELLATION ENERGY CORP,2019,9,8062537.224,9
CONSTELLATION ENERGY CORP,2020,9,7485663.918,9
CONSTELLATION ENERGY CORP,2021,9,7648047.42,9
CONSTELLATION ENERGY CORP,2022,9,8230209.752,9
CONSTELLATION ENERGY CORP,2023,9,8929938.686,9
CPN MANAGEMENT LP,2011,43,34562221.20018,42
CPN MANAGEMENT LP,2012,43,42400900.13428,42
CPN MANAGEMENT LP,2013,43,40380240.83674,43
CPN MANAGEMENT LP,2014,43,41088509.18296,43
CPN MANAGEMENT LP,2015,43,45899512.51744,42
CPN MANAGEMENT LP,2016,43,41312577.24148,42
CPN MANAGEMENT LP,2017,43,36345243.69646,42
CPN MANAGEMENT LP,2018,43,38402286.5519,42
CPN MANAGEMENT LP,2019,43,40176766.35694,42
CPN MANAGEMENT LP,2020,43,44651683.67088,42
CPN MANAGEMENT LP,2021,43,42823225.22016,43
CPN MANAGEMENT LP,2022,43,43797095.1101,43
CPN MANAGEMENT LP,2023,43,47673630.70474,43
CPS ENERGY,2011,5,12180058.734000001,5
CPS ENERGY,2012,5,11969371.186,5
CPS ENERGY,2013,5,10074378.673838338,5
CPS ENERGY,2014,5,11705800.572238293,5
CPS ENERGY,2015,5,7709600.584307699,5
CPS ENERGY,2016,5,8561716.78504451,5
CPS ENERGY,2017,5,8568087.69827472,5
CPS ENERGY,2018,5,10699699.402772034,5
CPS ENERGY,2019,5,11131623.86198598,5
CPS ENERGY,2020,5,9742214.701176578,5
CPS ENERGY,2021,5,11951645.94105302,5
CPS ENERGY,2022,5,11757516.264518231,5
CPS ENERGY,2023,5,10609733.430165553,5
DOMINION ENERGY INC,2011,24,34447404.019999996,20
DOMINION ENERGY INC,2012,24,34114159.454,21
DOMINION ENERGY INC,2013,24,38624670.625,21
DOMINION ENERGY INC,2014,24,40990393.295,22
DOMINION ENERGY INC,2015,24,41949265.483,23
DOMINION ENERGY INC,2016,24,43294268.011,23
DOMINION ENERGY INC,2017,24,37828184.556,23
DOMINION ENERGY INC,2018,24,37009241.507,24
DOMINION ENERGY INC,2019,24,33017251.084000003,24
DOMINION ENERGY INC,2020,24,34107408.473,24
DOMINION ENERGY INC,2021,24,32508529.779,24
DOMINION ENERGY INC,2022,24,31490185.683,24
DOMINION ENERGY INC,2023,24,28231416.741,24
DTE ENERGY CO,2011,9,33977650.11,8
DTE ENERGY CO,2012,9,33012799.934,8
DTE ENERGY CO,2013,9,33807573.198,8
DTE ENERGY CO,2014,9,31469641.658,8
DTE ENERGY CO,2015,9,31368297.733999997,8
DTE ENERGY CO,2016,9,27886024.117999997,8
DTE ENERGY CO,2017,9,28996592.62,8
DTE ENERGY CO,2018,9,31441765.48,8
DTE ENERGY CO,2019,9,27831347.176,8
DTE ENERGY CO,2020,9,21684329.054,8
DTE ENERGY CO,2021,9,27651164.828,8
DTE ENERGY CO,2022,9,26519558.214,9
DTE ENERGY CO,2023,9,21935698.012,9
DUKE ENERGY CORP,2011,36,102253059.762558,36
DUKE ENERGY CORP,2012,36,97963300.036947,36
DUKE ENERGY CORP,2013,36,97904083.423468,36
DUKE ENERGY CORP,2014,36,101607734.7051908,36
DUKE ENERGY CORP,2015,36,96426765.936755,36
DUKE ENERGY CORP,2016,36,97566012.5672804,36
DUKE ENERGY CORP,2017,36,95390674.299526,36
DUKE ENERGY CORP,2018,36,96536548.0399192,36
DUKE ENERGY CORP,2019,36,85159227.4916338,36
DUKE ENERGY CORP,2020,36,74758095.9950226,36
DUKE ENERGY CORP,2021,36,77301022.2750386,36
DUKE ENERGY CORP,2022,36,77657441.8051934,36
DUKE ENERGY CORP,2023,36,72061601.2416672,36
EAST KENTUCKY POWER COOPERATIVE INC,2011,4,10511651.052000001,4
EAST KENTUCKY POWER COOPERATIVE INC,2012,4,9532597.636,4
EAST KENTUCKY POWER COOPERATIVE INC,2013,4,8954752.938,4
EAST KENTUCKY POWER COOPERATIVE INC,2014,4,9262999.81,4
EAST KENTUCKY POWER COOPERATIVE INC,2015,4,7705439.18,4
EAST KENTUCKY POWER COOPERATIVE INC,2016,4,9024916.976,4
EAST KENTUCKY POWER COOPERATIVE INC,2017,4,6991025.078,4
EAST KENTUCKY POWER COOPERATIVE INC,2018,4,8295534.072000001,4
EAST KENTUCKY POWER COOPERATIVE INC,2019,4,6237297.798,4
EAST KENTUCKY POWER COOPERATIVE INC,2020,4,7337073.712,4
EAST KENTUCKY POWER COOPERATIVE INC,2021,4,8934003.076,4
EAST KENTUCKY POWER COOPERATIVE INC,2022,4,9369464.596,4
EAST KENTUCKY POWER COOPERATIVE INC,2023,4,8158933.61,4
ENTERGY CORP,2011,25,35637992.218618,21
ENTERGY CORP,2012,25,35536594.1409506,21
ENTERGY CORP,2013,25,35015533.8302078,21
ENTERGY CORP,2014,25,35679936.4850758,21
ENTERGY CORP,2015,25,35326179.1960328,21
ENTERGY CORP,2016,25,36503502.4960902,21
ENTERGY CORP,2017,25,34879987.100957,21
ENTERGY CORP,2018,25,38322171.6405446,21
ENTERGY CORP,2019,25,36256556.8546716,22
ENTERGY CORP,2020,25,33142556.7096576,25
ENTERGY CORP,2021,25,36030811.122381195,25
ENTERGY CORP,2022,25,39773488.7541808,25
ENTERGY CORP,2023,25,37833221.1539876,25
EVERGY INC,2011,12,39489334.067544,12
EVERGY INC,2012,12,39090123.345184,12
EVERGY INC,2013,12,39406495.024900004,12
EVERGY INC,2014,12,35709071.021332,12
EVERGY INC,2015,12,34171691.022152,12
EVERGY INC,2016,12,33152077.554192,12
EVERGY INC,2017,12,30339716.746651996,11
EVERGY INC,2018,12,28417113.515172,12
EVERGY INC,2019,12,26414525.120756,12
EVERGY INC,2020,12,23910820.50914,12
EVERGY INC,2021,12,26316790.422,12
EVERGY INC,2022,12,27244201.706276,12
EVERGY INC,2023,12,22924449.75078,12
EXXON MOBIL CORP,2011,1,6303441.648,1
EXXON MOBIL CORP,2012,1,5933102.416,1
EXXON MOBIL CORP,2013,1,6414722.228,1
EXXON MOBIL CORP,2014,1,5332974.708,1
EXXON MOBIL CORP,2015,1,5686561.638,1
EXXON MOBIL CORP,2016,1,5940916.044,1
EXXON MOBIL CORP,2017,1,5787700.12,1
EXXON MOBIL CORP,2018,1,5580514.16,1
EXXON MOBIL CORP,2019,1,5917240.992,1
EXXON MOBIL CORP,2020,1,5969593.13,1
EXXON MOBIL CORP,2021,1,6137588.974,1
EXXON MOBIL CORP,2022,1,5704791.392,1
EXXON MOBIL CORP,2023,1,5979836.674,1
FIRSTENERGY CORP,2011,2,16800783.538000003,2
FIRSTENERGY CORP,2012,2,14536259.605999999,2
FIRSTENERGY CORP,2013,2,18648607.724,2
FIRSTENERGY CORP,2014,2,17583285.582000002,2
FIRSTENERGY CORP,2015,2,17138422.016,2
FIRSTENERGY CORP,2016,2,18245669.211999997,2
FIRSTENERGY CORP,2017,2,18001579.714,2
FIRSTENERGY CORP,2018,2,17636737.774,2
FIRSTENERGY CORP,2019,2,17935528.060000002,2
FIRSTENERGY CORP,2020,2,14519278.9,2
FIRSTENERGY CORP,2021,2,15785373.578,2
FIRSTENERGY CORP,2022,2,16531456.942,2
FIRSTENERGY CORP,2023,2,15258135.972,2
LIGHTSTONE GENERATION LLC,2011,4,20229394.29,4
LIGHTSTONE GENERATION LLC,2012,4,21218061.330000002,4
LIGHTSTONE GENERATION LLC,2013,4,17036211.96,4
LIGHTSTONE GENERATION LLC,2014,4,18493038.283999998,4
LIGHTSTONE GENERATION LLC,2015,4,18872944.854000002,4
LIGHTSTONE GENERATION LLC,2016,4,18821909.608,4
LIGHTSTONE GENERATION LLC,2017,4,19383094.948,4
LIGHTSTONE GENERATION LLC,2018,4,19817218.984,4
LIGHTSTONE GENERATION LLC,2019,4,18728581.616,4
LIGHTSTONE GENERATION LLC,2020,4,19946212.522,4
LIGHTSTONE GENERATION LLC,2021,4,19254299.084,4
LIGHTSTONE GENERATION LLC,2022,4,17453575.564,4
LIGHTSTONE GENERATION LLC,2023,4,19136181.373999998,4
LOWER COLORADO RIVER AUTHORITY,2011,6,8559393.919115601,6
LOWER COLORADO RIVER AUTHORITY,2012,6,6952686.3619942,6
LOWER COLORADO RIVER AUTHORITY,2013,6,8573348.3127056,6
LOWER COLORADO RIVER AUTHORITY,2014,6,8370458.439477201,6
LOWER COLORADO RIVER AUTHORITY,2015,6,8355527.0052378,6
LOWER COLORADO RIVER AUTHORITY,2016,6,9497858.930304,6
LOWER COLORADO RIVER AUTHORITY,2017,6,10133637.019557,6
LOWER COLORADO RIVER AUTHORITY,2018,6,9501577.5502196,6
LOWER COLORADO RIVER AUTHORITY,2019,6,9144123.9719992,6
LOWER COLORADO RIVER AUTHORITY,2020,6,8638176.7507782,6
LOWER COLORADO RIVER AUTHORITY,2021,6,9569234.906975001,6
LOWER COLORADO RIVER AUTHORITY,2022,6,9410536.6711402,6
LOWER COLORADO RIVER AUTHORITY,2023,6,8428181.7420778,6
"LS Power Development, LLC",2011,22,4220987.749,21
"LS Power Development, LLC",2012,22,5690194.494,21
"LS Power Development, LLC",2013,22,5327055.588,21
"LS Power Development, LLC",2014,22,6276805.5,22
"LS Power Development, LLC",2015,22,8373960.04,22
"LS Power Development, LLC",2016,22,9510719.998,22
"LS Power Development, LLC",2017,22,8079241.71,22
"LS Power Development, LLC",2018,22,8923206.975,22
"LS Power Development, LLC",2019,22,9386783.717,22
"LS Power Development, LLC",2020,22,8840349.142,22
"LS Power Development, LLC",2021,22,8645375.945,22
"LS Power Development, LLC",2022,22,9836751.961,22
"LS Power Development, LLC",2023,22,10829542.342,22
MARATHON PETROLEUM CORP,2011,1,7079397.05,1
MARATHON PETROLEUM CORP,2012,1,7276497.55,1
MARATHON PETROLEUM CORP,2013,1,7296911.898,1
MARATHON PETROLEUM CORP,2014,1,7229059.9,1
MARATHON PETROLEUM CORP,2015,1,7192877.502,1
MARATHON PETROLEUM CORP,2016,1,7195194.156,1
MARATHON PETROLEUM CORP,2017,1,7115794.78,1
MARATHON PETROLEUM CORP,2018,1,6973092.116,1
MARATHON PETROLEUM CORP,2019,1,7655594.264,1
MARATHON PETROLEUM CORP,2020,1,6558089.82,1
MARATHON PETROLEUM CORP,2021,1,6782152.256,1
MARATHON PETROLEUM CORP,2022,1,7439548.832,1
MARATHON PETROLEUM CORP,2023,1,6633324.474,1
NEBRASKA PUBLIC POWER DISTRICT,2011,4,10918633.188000001,4
NEBRASKA PUBLIC POWER DISTRICT,2012,4,9883751.648,4
NEBRASKA PUBLIC POWER DISTRICT,2013,4,10600100.11,4
NEBRASKA PUBLIC POWER DISTRICT,2014,4,9929389.036,4
NEBRASKA PUBLIC POWER DISTRICT,2015,4,9529196.188000001,4
NEBRASKA PUBLIC POWER DISTRICT,2016,4,8259449.342,4
NEBRASKA PUBLIC POWER DISTRICT,2017,4,8414467.702,4
NEBRASKA PUBLIC POWER DISTRICT,2018,4,9621159.0,4
NEBRASKA PUBLIC POWER DISTRICT,2019,4,9104542.142,4
NEBRASKA PUBLIC POWER DISTRICT,2020,4,7562024.1280000005,4
NEBRASKA PUBLIC POWER DISTRICT,2021,4,7852122.156,4
NEBRASKA PUBLIC POWER DISTRICT,2022,4,8453172.592,4
NEBRASKA PUBLIC POWER DISTRICT,2023,4,8312557.063999999,4
NEXTERA ENERGY INC,2011,19,42664641.0782974,18
NEXTERA ENERGY INC,2012,19,43089336.9291158,18
NEXTERA ENERGY INC,2013,19,39709128.6402294,18
NEXTERA ENERGY INC,2014,19,42167991.8466832,18
NEXTERA ENERGY INC,2015,19,44449370.426097,18
NEXTERA ENERGY INC,2016,19,42320203.3182088,18
NEXTERA ENERGY INC,2017,19,42507833.7963946,18
NEXTERA ENERGY INC,2018,19,43242522.700302996,18
NEXTERA ENERGY INC,2019,19,42327198.6697076,19
NEXTERA ENERGY INC,2020,19,41123547.802907,19
NEXTERA ENERGY INC,2021,19,39657509.6377296,19
NEXTERA ENERGY INC,2022,19,40964565.699914,19
NEXTERA ENERGY INC,2023,19,42308580.718371,19
NRG ENERGY INC,2011,13,58965427.157000005,12
NRG ENERGY INC,2012,13,49747171.166,12
NRG ENERGY INC,2013,13,53905677.369104,13
NRG ENERGY INC,2014,13,50805961.693276,13
NRG ENERGY INC,2015,13,44356131.549444005,13
NRG ENERGY INC,2016,13,34678822.667576,13
NRG ENERGY INC,2017,13,35591874.48764,13
NRG ENERGY INC,2018,13,34079941.984364,13
NRG ENERGY INC,2019,13,29671627.388636,13
NRG ENERGY INC,2020,13,21816362.855552,13
NRG ENERGY INC,2021,13,29395817.037772,13
NRG ENERGY INC,2022,13,30898443.475772,13
NRG ENERGY INC,2023,13,21733149.53004,13
OGE ENERGY CORP,2011,9,23088919.758879997,9
OGE ENERGY CORP,2012,9,22188584.0178,9
OGE ENERGY CORP,2013,9,20133294.71404,9
OGE ENERGY CORP,2014,9,19753199.2706,9
OGE ENERGY CORP,2015,9,17147098.451080002,9
OGE ENERGY CORP,2016,9,18018474.10476,9
OGE ENERGY CORP,2017,9,16055164.8592,9
OGE ENERGY CORP,2018,9,14940127.49512,9
OGE ENERGY CORP,2019,9,10809670.07056,9
OGE ENERGY CORP,2020,9,10920185.983,9
OGE ENERGY CORP,2021,9,11472807.25972,9
OGE ENERGY CORP,2022,9,8943655.28576,9
OGE ENERGY CORP,2023,9,7771285.9518,9
OGLETHORPE POWER CORP,2011,10,12370440.785200002,10
OGLETHORPE POWER CORP,2012,10,12982529.1844,10
OGLETHORPE POWER CORP,2013,10,11523772.5912,10
OGLETHORPE POWER CORP,2014,10,11167616.751600001,10
OGLETHORPE POWER CORP,2015,10,11779996.72,10
OGLETHORPE POWER CORP,2016,10,13020547.716400001,10
OGLETHORPE POWER CORP,2017,10,11871831.838800002,10
OGLETHORPE POWER CORP,2018,10,11911673.0,10
OGLETHORPE POWER CORP,2019,10,11695792.2168,10
OGLETHORPE POWER CORP,2020,10,9306278.932,10
OGLETHORPE POWER CORP,2021,10,10197509.8828,10
OGLETHORPE POWER CORP,2022,10,10074464.408,10
OGLETHORPE POWER CORP,2023,10,10016297.398,10
OMAHA PUBLIC POWER DISTRICT,2011,4,12538502.204,4
OMAHA PUBLIC POWER DISTRICT,2012,4,12540087.342,4
OMAHA PUBLIC POWER DISTRICT,2013,4,13024307.376,4
OMAHA PUBLIC POWER DISTRICT,2014,4,12046858.845999999,4
OMAHA PUBLIC POWER DISTRICT,2015,4,11821830.786,4
OMAHA PUBLIC POWER DISTRICT,2016,4,10637205.98,4
OMAHA PUBLIC POWER DISTRICT,2017,4,10644227.198,4
OMAHA PUBLIC POWER DISTRICT,2018,4,10936793.804000001,4
OMAHA PUBLIC POWER DISTRICT,2019,4,9141102.46,4
OMAHA PUBLIC POWER DISTRICT,2020,4,10089610.166,4
OMAHA PUBLIC POWER DISTRICT,2021,4,8882249.18,4
OMAHA PUBLIC POWER DISTRICT,2022,4,9082717.148,4
OMAHA PUBLIC POWER DISTRICT,2023,4,7767449.699999999,4
PINNACLE WEST CAPITAL CORP,2011,8,18734125.64106,8
PINNACLE WEST CAPITAL CORP,2012,8,19583135.57118,8
PINNACLE WEST CAPITAL CORP,2013,8,18677994.73172,8
PINNACLE WEST CAPITAL CORP,2014,8,15985769.72966,8
PINNACLE WEST CAPITAL CORP,2015,8,16093943.91906,8
PINNACLE WEST CAPITAL CORP,2016,8,10407797.18074,8
PINNACLE WEST CAPITAL CORP,2017,8,11797120.24186,8
PINNACLE WEST CAPITAL CORP,2018,8,12665811.65,8
PINNACLE WEST CAPITAL CORP,2019,8,12798486.41012,8
PINNACLE WEST CAPITAL CORP,2020,8,13245987.676180001,8
PINNACLE WEST CAPITAL CORP,2021,8,11392854.28454,8
PINNACLE WEST CAPITAL CORP,2022,8,12675519.3892,8
PINNACLE WEST CAPITAL CORP,2023,8,10537824.43364,8
PPL CORP,2011,6,33916124.254,6
PPL CORP,2012,6,32469312.886,6
PPL CORP,2013,6,33844146.344,6
PPL CORP,2014,6,33792724.414,6
PPL CORP,2015,6,31362261.082000002,6
PPL CORP,2016,6,30534361.242,6
PPL CORP,2017,6,30176881.825999998,6
PPL CORP,2018,6,31252571.294,6
PPL CORP,2019,6,28455340.83,6
PPL CORP,2020,6,26909049.474,6
PPL CORP,2021,6,28314375.756,6
PPL CORP,2022,6,28754130.992,6
PPL CORP,2023,6,26771409.22,6
PRAIRIE STATE ENERGY CAMPUS MANAGEMENT CO,2011,1,16495.288,1
PRAIRIE STATE ENERGY CAMPUS MANAGEMENT CO,2012,1,4659232.406,1
PRAIRIE STATE ENERGY CAMPUS MANAGEMENT CO,2013,1,8265272.644,1
PRAIRIE STATE ENERGY CAMPUS MANAGEMENT CO,2014,1,8995689.862,1
PRAIRIE STATE ENERGY CAMPUS MANAGEMENT CO,2015,1,10628934.51,1
PRAIRIE STATE ENERGY CAMPUS MANAGEMENT CO,2016,1,10558308.476,1
PRAIRIE STATE ENERGY CAMPUS MANAGEMENT CO,2017,1,11086885.816,1
PRAIRIE STATE ENERGY CAMPUS MANAGEMENT CO,2018,1,12180229.51,1
PRAIRIE STATE ENERGY CAMPUS MANAGEMENT CO,2019,1,12737154.584,1
PRAIRIE STATE ENERGY CAMPUS MANAGEMENT CO,2020,1,11950052.494,1
PRAIRIE STATE ENERGY CAMPUS MANAGEMENT CO,2021,1,12496788.584,1
PRAIRIE STATE ENERGY CAMPUS MANAGEMENT CO,2022,1,11025765.882,1
PRAIRIE STATE ENERGY CAMPUS MANAGEMENT CO,2023,1,11456294.642,1
PUGET HOLDINGS LLC,2011,7,5260899.839554,7
PUGET HOLDINGS LLC,2012,7,5320083.615617999,7
PUGET HOLDINGS LLC,2013,7,6457517.929803999,7
PUGET HOLDINGS LLC,2014,7,6411620.414411999,7
PUGET HOLDINGS LLC,2015,7,7344046.209159999,7
PUGET HOLDINGS LLC,2016,7,6280994.525369999,7
PUGET HOLDINGS LLC,2017,7,5944073.745842,7
PUGET HOLDINGS LLC,2018,7,5906176.64062,7
PUGET HOLDINGS LLC,2019,7,7152484.845864,7
PUGET HOLDINGS LLC,2020,7,5184047.294466,7
PUGET HOLDINGS LLC,2021,7,6110503.839686,7
PUGET HOLDINGS LLC,2022,7,5799380.465208,7
PUGET HOLDINGS LLC,2023,7,7340460.139574,7
REMC ASSETS LP,2011,1,8953957.29,1
REMC ASSETS LP,2012,1,9617591.796,1
REMC ASSETS LP,2013,1,9219664.088,1
REMC ASSETS LP,2014,1,9241294.248,1
REMC ASSETS LP,2015,1,9268113.532,1
REMC ASSETS LP,2016,1,8354829.1,1
REMC ASSETS LP,2017,1,8177532.228,1
REMC ASSETS LP,2018,1,9557094.124,1
REMC ASSETS LP,2019,1,8655619.106,1
REMC ASSETS LP,2020,1,8720534.234,1
REMC ASSETS LP,2021,1,9451218.764,1
REMC ASSETS LP,2022,1,8785254.23,1
REMC ASSETS LP,2023,1,7716347.05,1
SALT RIVER PROJECT AGRICULTURAL IMPROVEMENT & POWER DISTRICT,2011,12,16260915.4001292,12
SALT RIVER PROJECT AGRICULTURAL IMPROVEMENT & POWER DISTRICT,2012,12,17172105.4990074,12
SALT RIVER PROJECT AGRICULTURAL IMPROVEMENT & POWER DISTRICT,2013,12,17321387.5937722,12
SALT RIVER PROJECT AGRICULTURAL IMPROVEMENT & POWER DISTRICT,2014,12,16387515.486947201,12
SALT RIVER PROJECT AGRICULTURAL IMPROVEMENT & POWER DISTRICT,2015,12,16913580.7439554,12
SALT RIVER PROJECT AGRICULTURAL IMPROVEMENT & POWER DISTRICT,2016,12,15691370.7242162,12
SALT RIVER PROJECT AGRICULTURAL IMPROVEMENT & POWER DISTRICT,2017,12,13992294.4948278,12
SALT RIVER PROJECT AGRICULTURAL IMPROVEMENT & POWER DISTRICT,2018,12,15677809.4190842,12
SALT RIVER PROJECT AGRICULTURAL IMPROVEMENT & POWER DISTRICT,2019,12,15207669.9909222,12
SALT RIVER PROJECT AGRICULTURAL IMPROVEMENT & POWER DISTRICT,2020,12,16070629.9112388,12
SALT RIVER PROJECT AGRICULTURAL IMPROVEMENT & POWER DISTRICT,2021,12,16058920.1862698,12
SALT RIVER PROJECT AGRICULTURAL IMPROVEMENT & POWER DISTRICT,2022,12,15178086.3885276,12
SALT RIVER PROJECT AGRICULTURAL IMPROVEMENT & POWER DISTRICT,2023,12,15877678.105612,12
SEMINOLE ELECTRIC COOPERATIVE INC,2011,2,9049480.8,2
SEMINOLE ELECTRIC COOPERATIVE INC,2012,2,8110800.223999999,2
SEMINOLE ELECTRIC COOPERATIVE INC,2013,2,8199782.4120000005,2
SEMINOLE ELECTRIC COOPERATIVE INC,2014,2,8227907.092,2
SEMINOLE ELECTRIC COOPERATIVE INC,2015,2,8112593.164,2
SEMINOLE ELECTRIC COOPERATIVE INC,2016,2,8376308.242,2
SEMINOLE ELECTRIC COOPERATIVE INC,2017,2,8625367.508,2
SEMINOLE ELECTRIC COOPERATIVE INC,2018,2,8965488.496000001,2
SEMINOLE ELECTRIC COOPERATIVE INC,2019,2,8253451.692,2
SEMINOLE ELECTRIC COOPERATIVE INC,2020,2,8125972.57,2
SEMINOLE ELECTRIC COOPERATIVE INC,2021,2,7795400.296,2
SEMINOLE ELECTRIC COOPERATIVE INC,2022,2,7331869.3719999995,2
SEMINOLE ELECTRIC COOPERATIVE INC,2023,2,6972461.42,2
SOUTH CAROLINA PUBLIC SERVICE AUTHORITY,2011,4,21200034.256,4
SOUTH CAROLINA PUBLIC SERVICE AUTHORITY,2012,4,18092968.36,4
SOUTH CAROLINA PUBLIC SERVICE AUTHORITY,2013,4,15875254.77,4
SOUTH CAROLINA PUBLIC SERVICE AUTHORITY,2014,4,18560314.244,4
SOUTH CAROLINA PUBLIC SERVICE AUTHORITY,2015,4,16606207.619,4
SOUTH CAROLINA PUBLIC SERVICE AUTHORITY,2016,4,15348411.719,4
SOUTH CAROLINA PUBLIC SERVICE AUTHORITY,2017,4,12824594.552000001,4
SOUTH CAROLINA PUBLIC SERVICE AUTHORITY,2018,4,14029761.459,4
SOUTH CAROLINA PUBLIC SERVICE AUTHORITY,2019,4,12171181.711,4
SOUTH CAROLINA PUBLIC SERVICE AUTHORITY,2020,4,11692024.705,4
SOUTH CAROLINA PUBLIC SERVICE AUTHORITY,2021,4,13462963.43,4
SOUTH CAROLINA PUBLIC SERVICE AUTHORITY,2022,4,13081803.827,4
SOUTH CAROLINA PUBLIC SERVICE AUTHORITY,2023,4,14096572.935999999,4
TALEN ENERGY CORP,2011,13,34884552.716372,13
TALEN ENERGY CORP,2012,13,30489113.0941884,13
TALEN ENERGY CORP,2013,13,30496912.9098496,13
TALEN ENERGY CORP,2014,13,29825912.088638,13
TALEN ENERGY CORP,2015,13,30470023.3737604,13
TALEN ENERGY CORP,2016,13,25657781.365748398,13
TALEN ENERGY CORP,2017,13,19799850.6450364,13
TALEN ENERGY CORP,2018,13,20811845.060256,13
TALEN ENERGY CORP,2019,13,15919811.4058832,13
TALEN ENERGY CORP,2020,13,9500825.5429128,13
TALEN ENERGY CORP,2021,13,14248550.8884736,13
TALEN ENERGY CORP,2022,13,14035054.0366464,13
TALEN ENERGY CORP,2023,13,10478774.8311292,13
TECO ENERGY INC,2011,3,14584126.156000001,3
TECO ENERGY INC,2012,3,14562938.18,3
TECO ENERGY INC,2013,3,14308571.504,3
TECO ENERGY INC,2014,3,14801463.178064799,3
TECO ENERGY INC,2015,3,13941953.176010981,3
TECO ENERGY INC,2016,3,12439241.959886665,3
TECO ENERGY INC,2017,3,12069017.022932146,3
TECO ENERGY INC,2018,3,10780899.459745672,3
TECO ENERGY INC,2019,3,8457020.19,3
TECO ENERGY INC,2020,3,8012135.034,3
TECO ENERGY INC,2021,3,8120121.882,3
TECO ENERGY INC,2022,3,8032192.772,3
TECO ENERGY INC,2023,3,7516202.62,3
THE SOUTHERN CO,2011,26,93837896.8742696,23
THE SOUTHERN CO,2012,26,87750164.2681352,25
THE SOUTHERN CO,2013,26,91754525.9129048,25
THE SOUTHERN CO,2014,26,95742277.4467616,26
THE SOUTHERN CO,2015,26,90728630.5555816,26
THE SOUTHERN CO,2016,26,88804779.744012,26
THE SOUTHERN CO,2017,26,86715045.2777648,26
THE SOUTHERN CO,2018,26,86623891.6700392,26
THE SOUTHERN CO,2019,26,85792325.994328,26
THE SOUTHERN CO,2020,26,74780288.211252,26
THE SOUTHERN CO,2021,26,80546458.0109888,26
THE SOUTHERN CO,2022,26,82308872.3118712,26
THE SOUTHERN CO,2023,26,75861755.6183456,26
TRI-STATE GENERATION & TRANSMISSION ASSOC INC,2011,7,11184528.605817,7
TRI-STATE GENERATION & TRANSMISSION ASSOC INC,2012,7,10735585.811627598,7
TRI-STATE GENERATION & TRANSMISSION ASSOC INC,2013,7,10639432.836034,7
TRI-STATE GENERATION & TRANSMISSION ASSOC INC,2014,7,10476056.7256088,7
TRI-STATE GENERATION & TRANSMISSION ASSOC INC,2015,7,10161552.975423,7
TRI-STATE GENERATION & TRANSMISSION ASSOC INC,2016,7,9809824.0687496,7
TRI-STATE GENERATION & TRANSMISSION ASSOC INC,2017,7,9370080.829508599,6
TRI-STATE GENERATION & TRANSMISSION ASSOC INC,2018,7,9865386.7244896,7
TRI-STATE GENERATION & TRANSMISSION ASSOC INC,2019,7,9601351.2080654,7
TRI-STATE GENERATION & TRANSMISSION ASSOC INC,2020,7,8890163.6036178,7
TRI-STATE GENERATION & TRANSMISSION ASSOC INC,2021,7,9227384.60818,7
TRI-STATE GENERATION & TRANSMISSION ASSOC INC,2022,7,9541587.4046466,7
TRI-STATE GENERATION & TRANSMISSION ASSOC INC,2023,7,8262405.5084358,7
UNS ENERGY CORP,2011,7,7993697.37823512,7
UNS ENERGY CORP,2012,7,7631510.6984789595,7
UNS ENERGY CORP,2013,7,8551557.77943552,7
UNS ENERGY CORP,2014,7,7473504.79063972,7
UNS ENERGY CORP,2015,7,7850782.3569046,7
UNS ENERGY CORP,2016,7,7277192.40532692,7
UNS ENERGY CORP,2017,7,6137793.372921919,7
UNS ENERGY CORP,2018,7,8586648.99838892,7
UNS ENERGY CORP,2019,7,7852032.49036824,7
UNS ENERGY CORP,2020,7,8076811.206159839,7
UNS ENERGY CORP,2021,7,7745804.799295479,7
UNS ENERGY CORP,2022,7,7486713.35105568,7
UNS ENERGY CORP,2023,7,7295955.4629595205,7
US GOVERNMENT,2011,19,70410454.802,19
US GOVERNMENT,2012,19,70677183.412,19
US GOVERNMENT,2013,19,61883668.452,19
US GOVERNMENT,2014,19,66653075.244,19
US GOVERNMENT,2015,19,62253114.463,19
US GOVERNMENT,2016,19,62148525.462,19
US GOVERNMENT,2017,19,51406098.041,19
US GOVERNMENT,2018,19,47816574.676,19
US GOVERNMENT,2019,19,43450295.738,19
US GOVERNMENT,2020,19,34455725.935,19
US GOVERNMENT,2021,19,40377183.251,19
US GOVERNMENT,2022,19,41008045.285000004,19
US GOVERNMENT,2023,19,38026818.263,19
Vistra Corp,2011,36,96249922.612,36
Vistra Corp,2012,36,98587459.52,36
Vistra Corp,2013,36,98200849.638,36
Vistra Corp,2014,36,98253188.678,36
Vistra Corp,2015,36,93825831.718,36
Vistra Corp,2016,36,88115753.244,36
Vistra Corp,2017,36,85344261.014,36
Vistra Corp,2018,36,89194275.296,36
Vistra Corp,2019,36,86686327.532,36
Vistra Corp,2020,36,82449112.166,36
Vistra Corp,2021,36,87016745.628,36
Vistra Corp,2022,36,85764086.414,36
Vistra Corp,2023,36,85937204.172,36
WEC Energy Group Inc,2011,13,17639883.47392,12
WEC Energy Group Inc,2012,13,14239688.58168,12
WEC Energy Group Inc,2013,13,16153304.54552,13
WEC Energy Group Inc,2014,13,17491050.83288,13
WEC Energy Group Inc,2015,13,18861954.1452,13
WEC Energy Group Inc,2016,13,17684660.72104,13
WEC Energy Group Inc,2017,13,18886592.348640002,12
WEC Energy Group Inc,2018,13,19975852.136239998,13
WEC Energy Group Inc,2019,13,18955588.19784,13
WEC Energy Group Inc,2020,13,17453318.0436,13
WEC Energy Group Inc,2021,13,19078730.78856,13
WEC Energy Group Inc,2022,13,16850315.46464,13
WEC Energy Group Inc,2023,13,16948663.51912,13
XCEL ENERGY INC,2011,25,52241703.491692595,25
XCEL ENERGY INC,2012,25,50109836.9578242,25
XCEL ENERGY INC,2013,25,49352247.8252602,25
XCEL ENERGY INC,2014,25,51549629.0587036,25
XCEL ENERGY INC,2015,25,51011409.450623,25
XCEL ENERGY INC,2016,25,47714082.297991596,25
XCEL ENERGY INC,2017,25,45536244.7671964,25
XCEL ENERGY INC,2018,25,46393158.3817558,25
XCEL ENERGY INC,2019,25,42591470.1560848,25
XCEL ENERGY INC,2020,25,35298867.2212798,25
XCEL ENERGY INC,2021,25,37998765.5704728,25
XCEL ENERGY INC,2022,25,36798444.2449154,25
XCEL ENERGY INC,2023,25,35249025.4066756,25
