parent_name,year,fuel_category,attributed_co2
AES CORP,2011,Coal,15845700.7
AES CORP,2011,Natural Gas,1761357.75
AES CORP,2011,Oil,4032.6
AES CORP,2012,Coal,14775791.9
AES CORP,2012,Natural Gas,2166285.75
AES CORP,2012,Oil,1752.5
AES CORP,2013,Coal,16204388.399999999
AES CORP,2013,Natural Gas,1730694.25
AES CORP,2013,Oil,1050.4
AES CORP,2014,Coal,16913963.6
AES CORP,2014,Natural Gas,1613925.5
AES CORP,2014,Oil,1246.3
AES CORP,2015,Coal,13839348.7
AES CORP,2015,Natural Gas,1683844.65
AES CORP,2015,Oil,816.5
AES CORP,2016,Coal,11279702.0
AES CORP,2016,Natural Gas,2215611.95
AES CORP,2016,Oil,1179.8
AES CORP,2017,Coal,11065554.899999999
AES CORP,2017,Natural Gas,2000641.3
AES CORP,2017,Oil,638.4000000000001
AES CORP,2018,Coal,10419684.399999999
AES CORP,2018,Natural Gas,2969391.7
AES CORP,2018,Oil,552.0
AES CORP,2019,Coal,10224692.0
AES CORP,2019,Natural Gas,3503883.85
AES CORP,2019,Oil,682.8
AES CORP,2020,Coal,7636604.0
AES CORP,2020,Natural Gas,4422622.6
AES CORP,2020,Oil,660.2
AES CORP,2021,Coal,9725150.0
AES CORP,2021,Natural Gas,4826345.25
AES CORP,2021,Oil,396.5
AES CORP,2022,Coal,9362671.2
AES CORP,2022,Natural Gas,5955706.05
AES CORP,2022,Oil,527.5999999999999
AES CORP,2023,Coal,5614968.4
AES CORP,2023,Natural Gas,6725683.05
AES CORP,2023,Oil,533.9
ALLIANT ENERGY CORP,2011,Coal,16856948.00624
ALLIANT ENERGY CORP,2011,Natural Gas,514991.18789999996
ALLIANT ENERGY CORP,2011,Oil,16359.325
ALLIANT ENERGY CORP,2012,Coal,15359085.95458
ALLIANT ENERGY CORP,2012,Natural Gas,851600.96734
ALLIANT ENERGY CORP,2012,Oil,33126.3945
ALLIANT ENERGY CORP,2013,Coal,15111093.26908
ALLIANT ENERGY CORP,2013,Natural Gas,833789.6601
ALLIANT ENERGY CORP,2013,Oil,22716.7675
ALLIANT ENERGY CORP,2014,Coal,14166889.31942
ALLIANT ENERGY CORP,2014,Natural Gas,979093.7505
ALLIANT ENERGY CORP,2014,Oil,11300.8585
ALLIANT ENERGY CORP,2015,Coal,13452463.05556
ALLIANT ENERGY CORP,2015,Natural Gas,1650320.8674
ALLIANT ENERGY CORP,2015,Oil,2643.7245
ALLIANT ENERGY CORP,2016,Coal,12706456.015379999
ALLIANT ENERGY CORP,2016,Natural Gas,1623547.25346
ALLIANT ENERGY CORP,2016,Oil,4353.4325
ALLIANT ENERGY CORP,2017,Coal,14146472.70988
ALLIANT ENERGY CORP,2017,Natural Gas,2194674.07096
ALLIANT ENERGY CORP,2017,Oil,597.501
ALLIANT ENERGY CORP,2018,Coal,13364218.165620001
ALLIANT ENERGY CORP,2018,Natural Gas,3771243.8814
ALLIANT ENERGY CORP,2018,Oil,1471.8405
ALLIANT ENERGY CORP,2019,Coal,9479713.71942
ALLIANT ENERGY CORP,2019,Natural Gas,4106188.55394
ALLIANT ENERGY CORP,2019,Oil,23652.116
ALLIANT ENERGY CORP,2020,Coal,7991643.76814
ALLIANT ENERGY CORP,2020,Natural Gas,4029048.3454
ALLIANT ENERGY CORP,2020,Oil,1551.51
ALLIANT ENERGY CORP,2021,Coal,11181469.829400001
ALLIANT ENERGY CORP,2021,Natural Gas,3673239.89384
ALLIANT ENERGY CORP,2021,Oil,51427.345
ALLIANT ENERGY CORP,2022,Coal,8361731.95018
ALLIANT ENERGY CORP,2022,Natural Gas,4219856.02302
ALLIANT ENERGY CORP,2022,Oil,650.5285
ALLIANT ENERGY CORP,2023,Coal,7293569.60592
ALLIANT ENERGY CORP,2023,Natural Gas,5637256.98502
ALLIANT ENERGY CORP,2023,Oil,1618.936
AMEREN CORP,2011,Coal,36598633.1
AMEREN CORP,2011,Natural Gas,371934.7
AMEREN CORP,2011,Oil,362.0
AMEREN CORP,2012,Coal,29719976.6
AMEREN CORP,2012,Natural Gas,335969.1
AMEREN CORP,2012,Oil,5345.7
AMEREN CORP,2013,Coal,29627576.6
AMEREN CORP,2013,Natural Gas,105547.9
AMEREN CORP,2013,Oil,2481.8
AMEREN CORP,2014,Coal,30115858.400000002
AMEREN CORP,2014,Natural Gas,71687.4
AMEREN CORP,2014,Oil,6932.9
AMEREN CORP,2015,Coal,27990434.6
AMEREN CORP,2015,Natural Gas,97238.0
AMEREN CORP,2015,Oil,10327.2
AMEREN CORP,2016,Coal,26184623.1
AMEREN CORP,2016,Natural Gas,195440.6
AMEREN CORP,2016,Oil,9635.3
AMEREN CORP,2017,Coal,29566760.2
AMEREN CORP,2017,Natural Gas,190569.6
AMEREN CORP,2017,Oil,4594.900000000001
AMEREN CORP,2018,Coal,28808291.2
AMEREN CORP,2018,Natural Gas,305936.7
AMEREN CORP,2018,Oil,2768.7000000000003
AMEREN CORP,2019,Coal,23881086.1
AMEREN CORP,2019,Natural Gas,130142.2
AMEREN CORP,2019,Oil,5774.6
AMEREN CORP,2020,Coal,25393150.5
AMEREN CORP,2020,Natural Gas,161804.7
AMEREN CORP,2020,Oil,3465.3
AMEREN CORP,2021,Coal,27484082.3
AMEREN CORP,2021,Natural Gas,276789.3
AMEREN CORP,2021,Oil,3205.0
AMEREN CORP,2022,Coal,24187155.7
AMEREN CORP,2022,Natural Gas,361483.8
AMEREN CORP,2022,Oil,5207.3
AMEREN CORP,2023,Coal,19254651.0
AMEREN CORP,2023,Natural Gas,257014.8
AMEREN CORP,2023,Oil,5435.700000000001
AMERICAN ELECTRIC POWER CO INC,2011,Coal,91101360.9745
AMERICAN ELECTRIC POWER CO INC,2011,Natural Gas,6525379.3
AMERICAN ELECTRIC POWER CO INC,2011,Oil,67170.9
AMERICAN ELECTRIC POWER CO INC,2012,Coal,80216058.9152
AMERICAN ELECTRIC POWER CO INC,2012,Natural Gas,7184155.278659999
AMERICAN ELECTRIC POWER CO INC,2012,Oil,49542.5
AMERICAN ELECTRIC POWER CO INC,2013,Coal,76527529.59729
AMERICAN ELECTRIC POWER CO INC,2013,Natural Gas,6145475.60991
AMERICAN ELECTRIC POWER CO INC,2013,Oil,86552.7
AMERICAN ELECTRIC POWER CO INC,2014,Coal,83553338.3569
AMERICAN ELECTRIC POWER CO INC,2014,Natural Gas,5248416.23219
AMERICAN ELECTRIC POWER CO INC,2014,Oil,61452.2
AMERICAN ELECTRIC POWER CO INC,2015,Coal,69770704.41509
AMERICAN ELECTRIC POWER CO INC,2015,Natural Gas,4948611.47177
AMERICAN ELECTRIC POWER CO INC,2015,Oil,54433.6
AMERICAN ELECTRIC POWER CO INC,2016,Coal,65227168.62697
AMERICAN ELECTRIC POWER CO INC,2016,Natural Gas,5848761.14025
AMERICAN ELECTRIC POWER CO INC,2016,Oil,42794.6
AMERICAN ELECTRIC POWER CO INC,2017,Coal,66224272.45375
AMERICAN ELECTRIC POWER CO INC,2017,Natural Gas,4865798.90594
AMERICAN ELECTRIC POWER CO INC,2017,Oil,53383.1
AMERICAN ELECTRIC POWER CO INC,2018,Coal,64268538.99503
AMERICAN ELECTRIC POWER CO INC,2018,Natural Gas,6236123.1944
AMERICAN ELECTRIC POWER CO INC,2018,Oil,54566.9
AMERICAN ELECTRIC POWER CO INC,2019,Coal,55239908.13963
AMERICAN ELECTRIC POWER CO INC,2019,Natural Gas,6616691.38015
AMERICAN ELECTRIC POWER CO INC,2019,Oil,55938.7
AMERICAN ELECTRIC POWER CO INC,2020,Coal,42209616.55628
AMERICAN ELECTRIC POWER CO INC,2020,Natural Gas,6334122.3565
AMERICAN ELECTRIC POWER CO INC,2020,Oil,82194.7
AMERICAN ELECTRIC POWER CO INC,2021,Coal,51748719.94066
AMERICAN ELECTRIC POWER CO INC,2021,Natural Gas,6080661.00993
AMERICAN ELECTRIC POWER CO INC,2021,Oil,83099.90000000001
AMERICAN ELECTRIC POWER CO INC,2022,Coal,47628800.39585
AMERICAN ELECTRIC POWER CO INC,2022,Natural Gas,7114645.4183
AMERICAN ELECTRIC POWER CO INC,2022,Oil,79899.2
AMERICAN ELECTRIC POWER CO INC,2023,Coal,40081349.43169
AMERICAN ELECTRIC POWER CO INC,2023,Natural Gas,8320333.152790001
AMERICAN ELECTRIC POWER CO INC,2023,Oil,53056.0
ARCLIGHT ENERGY PARTNERS FUND VII LP,2011,Coal,501757.0
ARCLIGHT ENERGY PARTNERS FUND VII LP,2011,Natural Gas,7419514.9
ARCLIGHT ENERGY PARTNERS FUND VII LP,2011,Oil,203024.4
ARCLIGHT ENERGY PARTNERS FUND VII LP,2012,Coal,141934.29
ARCLIGHT ENERGY PARTNERS FUND VII LP,2012,Natural Gas,8030232.19
ARCLIGHT ENERGY PARTNERS FUND VII LP,2012,Oil,114736.0
ARCLIGHT ENERGY PARTNERS FUND VII LP,2013,Coal,694391.1
ARCLIGHT ENERGY PARTNERS FUND VII LP,2013,Natural Gas,7547842.5
ARCLIGHT ENERGY PARTNERS FUND VII LP,2013,Oil,316094.6
ARCLIGHT ENERGY PARTNERS FUND VII LP,2014,Coal,825938.1
ARCLIGHT ENERGY PARTNERS FUND VII LP,2014,Natural Gas,7671676.9
ARCLIGHT ENERGY PARTNERS FUND VII LP,2014,Oil,567798.5
ARCLIGHT ENERGY PARTNERS FUND VII LP,2015,Coal,628506.3
ARCLIGHT ENERGY PARTNERS FUND VII LP,2015,Natural Gas,8617788.3
ARCLIGHT ENERGY PARTNERS FUND VII LP,2015,Oil,432703.3
ARCLIGHT ENERGY PARTNERS FUND VII LP,2016,Coal,219837.91
ARCLIGHT ENERGY PARTNERS FUND VII LP,2016,Natural Gas,7700436.2
ARCLIGHT ENERGY PARTNERS FUND VII LP,2016,Oil,191945.29
ARCLIGHT ENERGY PARTNERS FUND VII LP,2017,Coal,228022.9
ARCLIGHT ENERGY PARTNERS FUND VII LP,2017,Natural Gas,6190711.9
ARCLIGHT ENERGY PARTNERS FUND VII LP,2017,Oil,177771.2
ARCLIGHT ENERGY PARTNERS FUND VII LP,2018,Coal,356818.0
ARCLIGHT ENERGY PARTNERS FUND VII LP,2018,Natural Gas,7786166.4
ARCLIGHT ENERGY PARTNERS FUND VII LP,2018,Oil,282945.3
ARCLIGHT ENERGY PARTNERS FUND VII LP,2019,Coal,73244.8
ARCLIGHT ENERGY PARTNERS FUND VII LP,2019,Natural Gas,9212054.6
ARCLIGHT ENERGY PARTNERS FUND VII LP,2019,Oil,50915.0
ARCLIGHT ENERGY PARTNERS FUND VII LP,2020,Coal,4486.1
ARCLIGHT ENERGY PARTNERS FUND VII LP,2020,Natural Gas,9349124.0
ARCLIGHT ENERGY PARTNERS FUND VII LP,2020,Oil,94912.1
ARCLIGHT ENERGY PARTNERS FUND VII LP,2021,Coal,249360.4
ARCLIGHT ENERGY PARTNERS FUND VII LP,2021,Natural Gas,9419527.7
ARCLIGHT ENERGY PARTNERS FUND VII LP,2021,Oil,94949.7
ARCLIGHT ENERGY PARTNERS FUND VII LP,2022,Natural Gas,9632917.4
ARCLIGHT ENERGY PARTNERS FUND VII LP,2022,Oil,417264.8
ARCLIGHT ENERGY PARTNERS FUND VII LP,2023,Natural Gas,10007422.4
ARCLIGHT ENERGY PARTNERS FUND VII LP,2023,Oil,167318.1
ARKANSAS ELECTRIC COOPERATIVE CORP,2011,Coal,9369906.865
ARKANSAS ELECTRIC COOPERATIVE CORP,2011,Natural Gas,823004.8
ARKANSAS ELECTRIC COOPERATIVE CORP,2011,Oil,170.66
ARKANSAS ELECTRIC COOPERATIVE CORP,2012,Coal,9210083.578839999
ARKANSAS ELECTRIC COOPERATIVE CORP,2012,Natural Gas,1373168.49134
ARKANSAS ELECTRIC COOPERATIVE CORP,2012,Oil,118.755
ARKANSAS ELECTRIC COOPERATIVE CORP,2013,Coal,9356853.77261
ARKANSAS ELECTRIC COOPERATIVE CORP,2013,Natural Gas,722259.38509
ARKANSAS ELECTRIC COOPERATIVE CORP,2013,Oil,11.094999999999999
ARKANSAS ELECTRIC COOPERATIVE CORP,2014,Coal,9591486.85296
ARKANSAS ELECTRIC COOPERATIVE CORP,2014,Natural Gas,225204.32280999998
ARKANSAS ELECTRIC COOPERATIVE CORP,2014,Oil,512.1899999999999
ARKANSAS ELECTRIC COOPERATIVE CORP,2015,Coal,5865253.578949999
ARKANSAS ELECTRIC COOPERATIVE CORP,2015,Natural Gas,610273.59323
ARKANSAS ELECTRIC COOPERATIVE CORP,2015,Oil,1617.0699999999997
ARKANSAS ELECTRIC COOPERATIVE CORP,2016,Coal,6230064.68219
ARKANSAS ELECTRIC COOPERATIVE CORP,2016,Natural Gas,1230138.58475
ARKANSAS ELECTRIC COOPERATIVE CORP,2016,Oil,965.965
ARKANSAS ELECTRIC COOPERATIVE CORP,2017,Coal,7280329.38161
ARKANSAS ELECTRIC COOPERATIVE CORP,2017,Natural Gas,819255.72406
ARKANSAS ELECTRIC COOPERATIVE CORP,2017,Oil,420.48999999999995
ARKANSAS ELECTRIC COOPERATIVE CORP,2018,Coal,8078821.95549
ARKANSAS ELECTRIC COOPERATIVE CORP,2018,Natural Gas,1179538.5056
ARKANSAS ELECTRIC COOPERATIVE CORP,2018,Oil,504.875
ARKANSAS ELECTRIC COOPERATIVE CORP,2019,Coal,6491564.03303
ARKANSAS ELECTRIC COOPERATIVE CORP,2019,Natural Gas,1048089.99485
ARKANSAS ELECTRIC COOPERATIVE CORP,2019,Oil,1306.5499999999997
ARKANSAS ELECTRIC COOPERATIVE CORP,2020,Coal,4022311.02464
ARKANSAS ELECTRIC COOPERATIVE CORP,2020,Natural Gas,1118911.9935
ARKANSAS ELECTRIC COOPERATIVE CORP,2020,Oil,1741.4249999999997
ARKANSAS ELECTRIC COOPERATIVE CORP,2021,Coal,5950256.52308
ARKANSAS ELECTRIC COOPERATIVE CORP,2021,Natural Gas,972030.47507
ARKANSAS ELECTRIC COOPERATIVE CORP,2021,Oil,20751.965
ARKANSAS ELECTRIC COOPERATIVE CORP,2022,Coal,5512156.05891
ARKANSAS ELECTRIC COOPERATIVE CORP,2022,Natural Gas,1917658.9317
ARKANSAS ELECTRIC COOPERATIVE CORP,2022,Oil,30064.164999999997
ARKANSAS ELECTRIC COOPERATIVE CORP,2023,Coal,4779451.78843
ARKANSAS ELECTRIC COOPERATIVE CORP,2023,Natural Gas,1959122.2024700001
ARKANSAS ELECTRIC COOPERATIVE CORP,2023,Oil,989.7349999999999
ASSOCIATED ELECTRIC COOPERATIVE INC,2011,Coal,15010984.9
ASSOCIATED ELECTRIC COOPERATIVE INC,2011,Natural Gas,1229189.0999999999
ASSOCIATED ELECTRIC COOPERATIVE INC,2011,Oil,108918.09999999999
ASSOCIATED ELECTRIC COOPERATIVE INC,2012,Coal,14163411.0
ASSOCIATED ELECTRIC COOPERATIVE INC,2012,Natural Gas,2167309.9
ASSOCIATED ELECTRIC COOPERATIVE INC,2012,Oil,909.6
ASSOCIATED ELECTRIC COOPERATIVE INC,2013,Coal,15392114.2
ASSOCIATED ELECTRIC COOPERATIVE INC,2013,Natural Gas,1388926.9
ASSOCIATED ELECTRIC COOPERATIVE INC,2013,Oil,1310.8
ASSOCIATED ELECTRIC COOPERATIVE INC,2014,Coal,15131367.2
ASSOCIATED ELECTRIC COOPERATIVE INC,2014,Natural Gas,1188091.2
ASSOCIATED ELECTRIC COOPERATIVE INC,2014,Oil,2128.6
ASSOCIATED ELECTRIC COOPERATIVE INC,2015,Coal,13250398.4
ASSOCIATED ELECTRIC COOPERATIVE INC,2015,Natural Gas,1851022.2
ASSOCIATED ELECTRIC COOPERATIVE INC,2015,Oil,1520.9
ASSOCIATED ELECTRIC COOPERATIVE INC,2016,Coal,12632456.7
ASSOCIATED ELECTRIC COOPERATIVE INC,2016,Natural Gas,2400381.3
ASSOCIATED ELECTRIC COOPERATIVE INC,2016,Oil,1273.1000000000001
ASSOCIATED ELECTRIC COOPERATIVE INC,2017,Coal,14386556.7
ASSOCIATED ELECTRIC COOPERATIVE INC,2017,Natural Gas,1508165.8
ASSOCIATED ELECTRIC COOPERATIVE INC,2017,Oil,1494.3
ASSOCIATED ELECTRIC COOPERATIVE INC,2018,Coal,14494307.2
ASSOCIATED ELECTRIC COOPERATIVE INC,2018,Natural Gas,3547287.4
ASSOCIATED ELECTRIC COOPERATIVE INC,2018,Oil,1535.5
ASSOCIATED ELECTRIC COOPERATIVE INC,2019,Coal,14039901.2
ASSOCIATED ELECTRIC COOPERATIVE INC,2019,Natural Gas,4503577.5
ASSOCIATED ELECTRIC COOPERATIVE INC,2019,Oil,1368.1
ASSOCIATED ELECTRIC COOPERATIVE INC,2020,Coal,12315161.4
ASSOCIATED ELECTRIC COOPERATIVE INC,2020,Natural Gas,4122339.0
ASSOCIATED ELECTRIC COOPERATIVE INC,2020,Oil,1248.3000000000002
ASSOCIATED ELECTRIC COOPERATIVE INC,2021,Coal,13165260.5
ASSOCIATED ELECTRIC COOPERATIVE INC,2021,Natural Gas,3417620.9
ASSOCIATED ELECTRIC COOPERATIVE INC,2021,Oil,54806.700000000004
ASSOCIATED ELECTRIC COOPERATIVE INC,2022,Coal,13743725.4
ASSOCIATED ELECTRIC COOPERATIVE INC,2022,Natural Gas,3922703.9
ASSOCIATED ELECTRIC COOPERATIVE INC,2022,Oil,37561.1
ASSOCIATED ELECTRIC COOPERATIVE INC,2023,Coal,10231438.4
ASSOCIATED ELECTRIC COOPERATIVE INC,2023,Natural Gas,5280122.8
ASSOCIATED ELECTRIC COOPERATIVE INC,2023,Oil,835.6
BASIN ELECTRIC POWER COOPERATIVE,2011,Coal,16381421.53177
BASIN ELECTRIC POWER COOPERATIVE,2011,Natural Gas,65519.032999999996
BASIN ELECTRIC POWER COOPERATIVE,2012,Coal,19030412.33887
BASIN ELECTRIC POWER COOPERATIVE,2012,Natural Gas,69263.394
BASIN ELECTRIC POWER COOPERATIVE,2013,Coal,20043498.66759
BASIN ELECTRIC POWER COOPERATIVE,2013,Natural Gas,311096.418
BASIN ELECTRIC POWER COOPERATIVE,2013,Oil,2412.63
BASIN ELECTRIC POWER COOPERATIVE,2014,Coal,18598429.06938
BASIN ELECTRIC POWER COOPERATIVE,2014,Natural Gas,313352.308
BASIN ELECTRIC POWER COOPERATIVE,2015,Coal,19726621.40525
BASIN ELECTRIC POWER COOPERATIVE,2015,Natural Gas,613187.4959999999
BASIN ELECTRIC POWER COOPERATIVE,2016,Coal,18755564.07034
BASIN ELECTRIC POWER COOPERATIVE,2016,Natural Gas,970994.99
BASIN ELECTRIC POWER COOPERATIVE,2017,Coal,18911291.61512
BASIN ELECTRIC POWER COOPERATIVE,2017,Natural Gas,660289.113
BASIN ELECTRIC POWER COOPERATIVE,2018,Coal,18650865.82894
BASIN ELECTRIC POWER COOPERATIVE,2018,Natural Gas,1037940.813
BASIN ELECTRIC POWER COOPERATIVE,2019,Coal,17960255.525229998
BASIN ELECTRIC POWER COOPERATIVE,2019,Natural Gas,1272683.6300000001
BASIN ELECTRIC POWER COOPERATIVE,2020,Coal,16874391.69723
BASIN ELECTRIC POWER COOPERATIVE,2020,Natural Gas,1100665.224
BASIN ELECTRIC POWER COOPERATIVE,2021,Coal,15870560.34082
BASIN ELECTRIC POWER COOPERATIVE,2021,Natural Gas,1164406.493
BASIN ELECTRIC POWER COOPERATIVE,2021,Oil,3595.5150000000003
BASIN ELECTRIC POWER COOPERATIVE,2022,Coal,18297145.604450002
BASIN ELECTRIC POWER COOPERATIVE,2022,Natural Gas,1218725.6400000001
BASIN ELECTRIC POWER COOPERATIVE,2023,Coal,16528330.08206
BASIN ELECTRIC POWER COOPERATIVE,2023,Natural Gas,1543751.017
BERKSHIRE HATHAWAY INC,2011,Coal,57635661.79913
BERKSHIRE HATHAWAY INC,2011,Natural Gas,8798521.88235946
BERKSHIRE HATHAWAY INC,2011,Oil,441.4208
BERKSHIRE HATHAWAY INC,2012,Coal,57797348.9852
BERKSHIRE HATHAWAY INC,2012,Natural Gas,11003483.23299
BERKSHIRE HATHAWAY INC,2012,Oil,1418.47624
BERKSHIRE HATHAWAY INC,2013,Coal,58762708.08587
BERKSHIRE HATHAWAY INC,2013,Natural Gas,11204856.35232
BERKSHIRE HATHAWAY INC,2013,Oil,2342.0313400000005
BERKSHIRE HATHAWAY INC,2014,Coal,56728693.51953
BERKSHIRE HATHAWAY INC,2014,Natural Gas,11482008.73415
BERKSHIRE HATHAWAY INC,2014,Oil,1780.53662
BERKSHIRE HATHAWAY INC,2015,Coal,54305681.10027
BERKSHIRE HATHAWAY INC,2015,Natural Gas,12381011.39175
BERKSHIRE HATHAWAY INC,2015,Oil,996.14672
BERKSHIRE HATHAWAY INC,2016,Coal,48455453.526164
BERKSHIRE HATHAWAY INC,2016,Natural Gas,12812872.43972
BERKSHIRE HATHAWAY INC,2016,Oil,976.32366
BERKSHIRE HATHAWAY INC,2017,Coal,49286558.69023
BERKSHIRE HATHAWAY INC,2017,Natural Gas,11278727.3338
BERKSHIRE HATHAWAY INC,2017,Oil,1233.82936
BERKSHIRE HATHAWAY INC,2018,Coal,51177495.86987
BERKSHIRE HATHAWAY INC,2018,Natural Gas,12895028.33974
BERKSHIRE HATHAWAY INC,2018,Oil,2198.71626
BERKSHIRE HATHAWAY INC,2019,Coal,45866039.33583
BERKSHIRE HATHAWAY INC,2019,Natural Gas,14078085.89774
BERKSHIRE HATHAWAY INC,2019,Oil,1839.2203
BERKSHIRE HATHAWAY INC,2020,Coal,37895528.075836
BERKSHIRE HATHAWAY INC,2020,Natural Gas,14449451.16045
BERKSHIRE HATHAWAY INC,2020,Oil,6200.61222
BERKSHIRE HATHAWAY INC,2021,Coal,44927408.56908
BERKSHIRE HATHAWAY INC,2021,Natural Gas,14740039.9849
BERKSHIRE HATHAWAY INC,2021,Oil,2295.63562
BERKSHIRE HATHAWAY INC,2022,Coal,40691295.90218
BERKSHIRE HATHAWAY INC,2022,Natural Gas,13504708.8557
BERKSHIRE HATHAWAY INC,2022,Oil,2046.4572400000002
BERKSHIRE HATHAWAY INC,2023,Coal,34447303.98176
BERKSHIRE HATHAWAY INC,2023,Natural Gas,14652819.15747
BERKSHIRE HATHAWAY INC,2023,Oil,2056.7398000000003
BUCKEYE POWER INC,2011,Coal,7284753.8
BUCKEYE POWER INC,2011,Natural Gas,54999.0
BUCKEYE POWER INC,2011,Oil,55921.4
BUCKEYE POWER INC,2012,Coal,6798977.5
BUCKEYE POWER INC,2012,Natural Gas,88147.3
BUCKEYE POWER INC,2012,Oil,53990.99999999999
BUCKEYE POWER INC,2013,Coal,9824047.100000001
BUCKEYE POWER INC,2013,Natural Gas,48755.2
BUCKEYE POWER INC,2013,Oil,46022.1
BUCKEYE POWER INC,2014,Coal,9727652.6
BUCKEYE POWER INC,2014,Natural Gas,49970.2
BUCKEYE POWER INC,2014,Oil,40165.5
BUCKEYE POWER INC,2015,Coal,8185768.8
BUCKEYE POWER INC,2015,Natural Gas,44410.1
BUCKEYE POWER INC,2015,Oil,38566.2
BUCKEYE POWER INC,2016,Coal,8383743.7
BUCKEYE POWER INC,2016,Natural Gas,107664.4
BUCKEYE POWER INC,2016,Oil,53344.600000000006
BUCKEYE POWER INC,2017,Coal,9937810.7
BUCKEYE POWER INC,2017,Natural Gas,108901.9
BUCKEYE POWER INC,2017,Oil,19948.600000000002
BUCKEYE POWER INC,2018,Coal,9390703.0
BUCKEYE POWER INC,2018,Natural Gas,348501.8
BUCKEYE POWER INC,2018,Oil,12545.5
BUCKEYE POWER INC,2019,Coal,9282293.7
BUCKEYE POWER INC,2019,Natural Gas,185315.8
BUCKEYE POWER INC,2019,Oil,10772.9
BUCKEYE POWER INC,2020,Coal,9152582.5
BUCKEYE POWER INC,2020,Natural Gas,153364.0
BUCKEYE POWER INC,2020,Oil,6338.1
BUCKEYE POWER INC,2021,Coal,9696862.9
BUCKEYE POWER INC,2021,Natural Gas,260575.8
BUCKEYE POWER INC,2021,Oil,15792.0
BUCKEYE POWER INC,2022,Coal,10028244.9
BUCKEYE POWER INC,2022,Natural Gas,430547.6
BUCKEYE POWER INC,2022,Oil,10773.3
BUCKEYE POWER INC,2023,Coal,9180843.0
BUCKEYE POWER INC,2023,Natural Gas,153709.8
BUCKEYE POWER INC,2023,Oil,12928.7
CLECO CORPORATE HOLDINGS LLC,2011,Coal,2392782.5420799996
CLECO CORPORATE HOLDINGS LLC,2011,Natural Gas,3845295.80824
CLECO CORPORATE HOLDINGS LLC,2011,Oil,2611498.6750399997
CLECO CORPORATE HOLDINGS LLC,2012,Coal,2087746.5862399999
CLECO CORPORATE HOLDINGS LLC,2012,Natural Gas,5441262.5972
CLECO CORPORATE HOLDINGS LLC,2012,Oil,1678573.71456
CLECO CORPORATE HOLDINGS LLC,2013,Coal,2350068.96768
CLECO CORPORATE HOLDINGS LLC,2013,Natural Gas,4107721.93272
CLECO CORPORATE HOLDINGS LLC,2013,Oil,3162591.78864
CLECO CORPORATE HOLDINGS LLC,2014,Coal,1625702.8300799998
CLECO CORPORATE HOLDINGS LLC,2014,Natural Gas,3940346.5769599997
CLECO CORPORATE HOLDINGS LLC,2014,Oil,3409802.13072
CLECO CORPORATE HOLDINGS LLC,2015,Coal,1771589.5948799998
CLECO CORPORATE HOLDINGS LLC,2015,Natural Gas,5596605.91208
CLECO CORPORATE HOLDINGS LLC,2015,Oil,2817894.06384
CLECO CORPORATE HOLDINGS LLC,2016,Coal,1596106.5971199998
CLECO CORPORATE HOLDINGS LLC,2016,Natural Gas,4827923.09464
CLECO CORPORATE HOLDINGS LLC,2016,Oil,3064538.40464
CLECO CORPORATE HOLDINGS LLC,2017,Coal,1552527.00736
CLECO CORPORATE HOLDINGS LLC,2017,Natural Gas,5100490.70312
CLECO CORPORATE HOLDINGS LLC,2017,Oil,2934019.9516799995
CLECO CORPORATE HOLDINGS LLC,2018,Coal,2090261.0086399997
CLECO CORPORATE HOLDINGS LLC,2018,Natural Gas,5879072.12656
CLECO CORPORATE HOLDINGS LLC,2018,Oil,3122446.74144
CLECO CORPORATE HOLDINGS LLC,2019,Coal,1803582.2022399998
CLECO CORPORATE HOLDINGS LLC,2019,Natural Gas,6317075.98352
CLECO CORPORATE HOLDINGS LLC,2019,Oil,2057097.1512
CLECO CORPORATE HOLDINGS LLC,2020,Coal,980199.7631999999
CLECO CORPORATE HOLDINGS LLC,2020,Natural Gas,5646873.19816
CLECO CORPORATE HOLDINGS LLC,2020,Oil,2589098.15152
CLECO CORPORATE HOLDINGS LLC,2021,Coal,1853434.10112
CLECO CORPORATE HOLDINGS LLC,2021,Natural Gas,4712205.58096
CLECO CORPORATE HOLDINGS LLC,2021,Oil,2642934.7747199996
CLECO CORPORATE HOLDINGS LLC,2022,Coal,2032030.6719999998
CLECO CORPORATE HOLDINGS LLC,2022,Natural Gas,5868105.61752
CLECO CORPORATE HOLDINGS LLC,2022,Oil,2024992.4508799997
CLECO CORPORATE HOLDINGS LLC,2023,Coal,1429520.9152
CLECO CORPORATE HOLDINGS LLC,2023,Natural Gas,6168924.80352
CLECO CORPORATE HOLDINGS LLC,2023,Oil,997154.2407999999
CMS ENERGY CORP,2011,Coal,12267406.312040001
CMS ENERGY CORP,2011,Natural Gas,2795877.60978
CMS ENERGY CORP,2011,Oil,921.14784
CMS ENERGY CORP,2011,Other,1622735.5
CMS ENERGY CORP,2012,Coal,11272524.53898
CMS ENERGY CORP,2012,Natural Gas,4843945.97751
CMS ENERGY CORP,2012,Oil,1594.81738
CMS ENERGY CORP,2012,Other,1648368.7
CMS ENERGY CORP,2013,Coal,12559050.53969
CMS ENERGY CORP,2013,Natural Gas,2600043.43266
CMS ENERGY CORP,2013,Oil,946.9783799999999
CMS ENERGY CORP,2013,Other,1906937.5
CMS ENERGY CORP,2014,Coal,11823010.93496
CMS ENERGY CORP,2014,Natural Gas,2691785.11616
CMS ENERGY CORP,2014,Oil,11893.83488
CMS ENERGY CORP,2014,Other,1890678.35
CMS ENERGY CORP,2015,Coal,12388560.73767
CMS ENERGY CORP,2015,Natural Gas,4574437.36846
CMS ENERGY CORP,2015,Oil,22597.77217
CMS ENERGY CORP,2015,Other,1513597.9500000002
CMS ENERGY CORP,2016,Coal,8963002.05291
CMS ENERGY CORP,2016,Natural Gas,6774121.73016
CMS ENERGY CORP,2016,Oil,2563.30762
CMS ENERGY CORP,2016,Other,1768791.6
CMS ENERGY CORP,2017,Coal,10228879.02194
CMS ENERGY CORP,2017,Natural Gas,6258839.06238
CMS ENERGY CORP,2017,Oil,1222.60076
CMS ENERGY CORP,2017,Other,1758826.5
CMS ENERGY CORP,2018,Coal,10040514.32677
CMS ENERGY CORP,2018,Natural Gas,6734874.7245
CMS ENERGY CORP,2018,Oil,2420.3615400000003
CMS ENERGY CORP,2018,Other,1691450.2000000002
CMS ENERGY CORP,2019,Coal,9893215.159820002
CMS ENERGY CORP,2019,Natural Gas,7527272.26732
CMS ENERGY CORP,2019,Oil,666.00752
CMS ENERGY CORP,2019,Other,1525753.3
CMS ENERGY CORP,2020,Coal,8338059.56917
CMS ENERGY CORP,2020,Natural Gas,8238534.39287
CMS ENERGY CORP,2020,Oil,1849.81337
CMS ENERGY CORP,2020,Other,357890.8
CMS ENERGY CORP,2021,Coal,11218670.507
CMS ENERGY CORP,2021,Natural Gas,6837066.05783
CMS ENERGY CORP,2021,Oil,1431.12707
CMS ENERGY CORP,2021,Other,1499982.85
CMS ENERGY CORP,2022,Coal,10562263.023540001
CMS ENERGY CORP,2022,Natural Gas,7792090.15259
CMS ENERGY CORP,2022,Oil,1836.4175
CMS ENERGY CORP,2022,Other,1258833.2
CMS ENERGY CORP,2023,Coal,7050739.42942
CMS ENERGY CORP,2023,Natural Gas,8172680.16549
CMS ENERGY CORP,2023,Oil,2516.94639
CMS ENERGY CORP,2023,Other,1319081.15
CONSTELLATION ENERGY CORP,2011,Coal,403449.19999999995
CONSTELLATION ENERGY CORP,2011,Natural Gas,5913237.11
CONSTELLATION ENERGY CORP,2011,Oil,61088.9
CONSTELLATION ENERGY CORP,2012,Natural Gas,6036399.5
CONSTELLATION ENERGY CORP,2012,Oil,98231.59999999999
CONSTELLATION ENERGY CORP,2013,Natural Gas,4360474.5
CONSTELLATION ENERGY CORP,2013,Oil,374171.0
CONSTELLATION ENERGY CORP,2014,Natural Gas,2846881.2
CONSTELLATION ENERGY CORP,2014,Oil,399629.1
CONSTELLATION ENERGY CORP,2015,Natural Gas,3624242.1
CONSTELLATION ENERGY CORP,2015,Oil,390715.60000000003
CONSTELLATION ENERGY CORP,2016,Natural Gas,5608754.8
CONSTELLATION ENERGY CORP,2016,Oil,238951.0
CONSTELLATION ENERGY CORP,2017,Natural Gas,6993786.899999999
CONSTELLATION ENERGY CORP,2017,Oil,143781.2
CONSTELLATION ENERGY CORP,2018,Natural Gas,7829162.1
CONSTELLATION ENERGY CORP,2018,Oil,274624.4
CONSTELLATION ENERGY CORP,2019,Natural Gas,8017676.2
CONSTELLATION ENERGY CORP,2019,Oil,36567.799999999996
CONSTELLATION ENERGY CORP,2020,Natural Gas,7452481.1
CONSTELLATION ENERGY CORP,2020,Oil,25505.9
CONSTELLATION ENERGY CORP,2021,Natural Gas,7616988.91
CONSTELLATION ENERGY CORP,2021,Oil,23244.399999999998
CONSTELLATION ENERGY CORP,2022,Natural Gas,8186269.3
CONSTELLATION ENERGY CORP,2022,Oil,35468.6
CONSTELLATION ENERGY CORP,2023,Natural Gas,8887330.1
CONSTELLATION ENERGY CORP,2023,Oil,33479.4
CPN MANAGEMENT LP,2011,Natural Gas,33053477.516
CPN MANAGEMENT LP,2011,Oil,9726.5
CPN MANAGEMENT LP,2011,Other,1463702.1
CPN MANAGEMENT LP,2012,Natural Gas,41066218.646
CPN MANAGEMENT LP,2012,Oil,85.6
CPN MANAGEMENT LP,2012,Other,1292694.8
CPN MANAGEMENT LP,2013,Natural Gas,39133049.0415
CPN MANAGEMENT LP,2013,Oil,245.6
CPN MANAGEMENT LP,2013,Other,1202144.5
CPN MANAGEMENT LP,2014,Natural Gas,39449973.0645
CPN MANAGEMENT LP,2014,Oil,58535.0
CPN MANAGEMENT LP,2014,Other,1531918.2
CPN MANAGEMENT LP,2015,Natural Gas,43800638.423
CPN MANAGEMENT LP,2015,Oil,16877.800000000003
CPN MANAGEMENT LP,2015,Other,2027240.9
CPN MANAGEMENT LP,2016,Natural Gas,39401053.874
CPN MANAGEMENT LP,2016,Oil,287.99999999999994
CPN MANAGEMENT LP,2016,Other,1862979.7
CPN MANAGEMENT LP,2017,Natural Gas,34397729.277
CPN MANAGEMENT LP,2017,Oil,467.6
CPN MANAGEMENT LP,2017,Other,1902367.2
CPN MANAGEMENT LP,2018,Natural Gas,36321496.82
CPN MANAGEMENT LP,2018,Oil,151579.21
CPN MANAGEMENT LP,2018,Other,1882700.2
CPN MANAGEMENT LP,2019,Natural Gas,38406144.592
CPN MANAGEMENT LP,2019,Oil,151.2
CPN MANAGEMENT LP,2019,Other,1723263.7000000002
CPN MANAGEMENT LP,2020,Natural Gas,42371215.5075
CPN MANAGEMENT LP,2020,Oil,73.5
CPN MANAGEMENT LP,2020,Other,2226841.9
CPN MANAGEMENT LP,2021,Natural Gas,41268722.916
CPN MANAGEMENT LP,2021,Oil,278.1
CPN MANAGEMENT LP,2021,Other,1505120.8
CPN MANAGEMENT LP,2022,Natural Gas,42316767.0675
CPN MANAGEMENT LP,2022,Oil,11781.5
CPN MANAGEMENT LP,2022,Other,1418253.2
CPN MANAGEMENT LP,2023,Natural Gas,46406731.314500004
CPN MANAGEMENT LP,2023,Oil,240.6
CPN MANAGEMENT LP,2023,Other,1213410.5
CPS ENERGY,2011,Coal,9376285.5
CPS ENERGY,2011,Natural Gas,2758614.0
CPS ENERGY,2012,Coal,9117983.4
CPS ENERGY,2012,Natural Gas,2802845.1999999997
CPS ENERGY,2013,Coal,7497239.05
CPS ENERGY,2013,Natural Gas,2534142.8445848
CPS ENERGY,2014,Coal,9015817.2
CPS ENERGY,2014,Natural Gas,2638691.50383071
CPS ENERGY,2015,Coal,4689567.63
CPS ENERGY,2015,Natural Gas,2992715.05229804
CPS ENERGY,2016,Coal,5506708.16
CPS ENERGY,2016,Natural Gas,3022247.64287098
CPS ENERGY,2017,Coal,5939472.83
CPS ENERGY,2017,Natural Gas,2593956.55593106
CPS ENERGY,2018,Coal,7141996.37
CPS ENERGY,2018,Natural Gas,3515624.003989488
CPS ENERGY,2019,Coal,6780004.0
CPS ENERGY,2019,Natural Gas,4310685.55044322
CPS ENERGY,2020,Coal,5753611.54
CPS ENERGY,2020,Natural Gas,3953565.4880519197
CPS ENERGY,2021,Coal,7954798.88
CPS ENERGY,2021,Natural Gas,3949933.655204076
CPS ENERGY,2022,Coal,7002321.6
CPS ENERGY,2022,Natural Gas,4712641.297214484
CPS ENERGY,2023,Coal,5574127.73
CPS ENERGY,2023,Natural Gas,5000469.78059878
DOMINION ENERGY INC,2011,Coal,26942245.45
DOMINION ENERGY INC,2011,Natural Gas,7041652.29
DOMINION ENERGY INC,2011,Oil,235385.8
DOMINION ENERGY INC,2012,Coal,25126703.35
DOMINION ENERGY INC,2012,Natural Gas,8606987.2
DOMINION ENERGY INC,2012,Oil,169213.2
DOMINION ENERGY INC,2013,Coal,29725525.8
DOMINION ENERGY INC,2013,Natural Gas,8538927.5
DOMINION ENERGY INC,2013,Oil,113916.2
DOMINION ENERGY INC,2014,Coal,32490446.86
DOMINION ENERGY INC,2014,Natural Gas,7786138.89
DOMINION ENERGY INC,2014,Oil,438200.69
DOMINION ENERGY INC,2015,Coal,29884045.55
DOMINION ENERGY INC,2015,Natural Gas,11261043.4
DOMINION ENERGY INC,2015,Oil,546642.6000000001
DOMINION ENERGY INC,2016,Coal,28644517.11
DOMINION ENERGY INC,2016,Natural Gas,14147219.01
DOMINION ENERGY INC,2016,Oil,244958.4
DOMINION ENERGY INC,2017,Coal,22186115.45
DOMINION ENERGY INC,2017,Natural Gas,15203123.4
DOMINION ENERGY INC,2017,Oil,215995.2
DOMINION ENERGY INC,2018,Coal,19305782.34
DOMINION ENERGY INC,2018,Natural Gas,16949358.18
DOMINION ENERGY INC,2018,Oil,470060.41000000003
DOMINION ENERGY INC,2019,Coal,12510743.8
DOMINION ENERGY INC,2019,Natural Gas,20212696.31
DOMINION ENERGY INC,2019,Oil,99669.98999999999
DOMINION ENERGY INC,2020,Coal,11585540.35
DOMINION ENERGY INC,2020,Natural Gas,22248937.39
DOMINION ENERGY INC,2020,Oil,79299.9
DOMINION ENERGY INC,2021,Coal,12692867.809999999
DOMINION ENERGY INC,2021,Natural Gas,19545280.9
DOMINION ENERGY INC,2021,Oil,79757.3
DOMINION ENERGY INC,2022,Coal,12297036.11
DOMINION ENERGY INC,2022,Natural Gas,18844406.1
DOMINION ENERGY INC,2022,Oil,156896.69999999998
DOMINION ENERGY INC,2023,Coal,9435646.25
DOMINION ENERGY INC,2023,Natural Gas,18631913.4
DOMINION ENERGY INC,2023,Oil,10424.2
DTE ENERGY CO,2011,Coal,33243438.4
DTE ENERGY CO,2011,Natural Gas,453301.1
DTE ENERGY CO,2011,Oil,13130.900000000001
DTE ENERGY CO,2012,Coal,31843736.99
DTE ENERGY CO,2012,Natural Gas,913288.1
DTE ENERGY CO,2012,Oil,6520.6
DTE ENERGY CO,2013,Coal,32955637.61
DTE ENERGY CO,2013,Natural Gas,579329.4
DTE ENERGY CO,2013,Oil,10339.2
DTE ENERGY CO,2014,Coal,30818614.4
DTE ENERGY CO,2014,Natural Gas,401819.7
DTE ENERGY CO,2014,Oil,10427.699999999999
DTE ENERGY CO,2015,Coal,30643980.7
DTE ENERGY CO,2015,Natural Gas,474351.8
DTE ENERGY CO,2015,Oil,7289.0
DTE ENERGY CO,2016,Coal,26320741.0
DTE ENERGY CO,2016,Natural Gas,1391883.6
DTE ENERGY CO,2016,Oil,35504.1
DTE ENERGY CO,2017,Coal,24183531.5
DTE ENERGY CO,2017,Natural Gas,1555009.39
DTE ENERGY CO,2017,Oil,3059142.8
DTE ENERGY CO,2018,Coal,29763221.71
DTE ENERGY CO,2018,Natural Gas,1438565.2
DTE ENERGY CO,2018,Oil,4207.3
DTE ENERGY CO,2019,Coal,26211664.7
DTE ENERGY CO,2019,Natural Gas,1407107.39
DTE ENERGY CO,2019,Oil,4789.6
DTE ENERGY CO,2020,Coal,19478648.7
DTE ENERGY CO,2020,Natural Gas,2035783.9000000001
DTE ENERGY CO,2020,Oil,14531.7
DTE ENERGY CO,2021,Coal,26144572.6
DTE ENERGY CO,2021,Natural Gas,1293885.21
DTE ENERGY CO,2021,Oil,5422.8
DTE ENERGY CO,2022,Coal,23782940.6
DTE ENERGY CO,2022,Natural Gas,2528600.8
DTE ENERGY CO,2022,Oil,18079.9
DTE ENERGY CO,2023,Coal,16986364.3
DTE ENERGY CO,2023,Natural Gas,4803232.3
DTE ENERGY CO,2023,Oil,7297.900000000001
DUKE ENERGY CORP,2011,Coal,86228955.90997
DUKE ENERGY CORP,2011,Natural Gas,15241903.475
DUKE ENERGY CORP,2011,Oil,60460.33441
DUKE ENERGY CORP,2012,Coal,78569276.99613
DUKE ENERGY CORP,2012,Natural Gas,18675891.1
DUKE ENERGY CORP,2012,Oil,55869.9
DUKE ENERGY CORP,2013,Coal,74972541.78267
DUKE ENERGY CORP,2013,Natural Gas,22212180.7625
DUKE ENERGY CORP,2013,Oil,90300.3
DUKE ENERGY CORP,2014,Coal,77948851.11668
DUKE ENERGY CORP,2014,Natural Gas,22650404.325
DUKE ENERGY CORP,2014,Oil,347677.7
DUKE ENERGY CORP,2015,Coal,67563506.76588
DUKE ENERGY CORP,2015,Natural Gas,27956477.0
DUKE ENERGY CORP,2015,Oil,325461.6
DUKE ENERGY CORP,2016,Coal,67278289.83184
DUKE ENERGY CORP,2016,Natural Gas,29566235.8625
DUKE ENERGY CORP,2016,Oil,138505.4
DUKE ENERGY CORP,2017,Coal,65733607.89324
DUKE ENERGY CORP,2017,Natural Gas,28968597.6
DUKE ENERGY CORP,2017,Oil,120818.2
DUKE ENERGY CORP,2018,Coal,62166181.64063
DUKE ENERGY CORP,2018,Natural Gas,33363728.65
DUKE ENERGY CORP,2018,Oil,463484.1
DUKE ENERGY CORP,2019,Coal,51316188.17768
DUKE ENERGY CORP,2019,Natural Gas,33237639.0
DUKE ENERGY CORP,2019,Oil,63370.7
DUKE ENERGY CORP,2020,Coal,40860362.85582
DUKE ENERGY CORP,2020,Natural Gas,30769080.5125
DUKE ENERGY CORP,2020,Oil,43477.4
DUKE ENERGY CORP,2020,Other,2716657.4000000004
DUKE ENERGY CORP,2021,Coal,43394454.64817
DUKE ENERGY CORP,2021,Natural Gas,33396856.5
DUKE ENERGY CORP,2021,Oil,137306.6
DUKE ENERGY CORP,2022,Coal,41389231.52111
DUKE ENERGY CORP,2022,Natural Gas,35577645.9
DUKE ENERGY CORP,2022,Oil,353869.4
DUKE ENERGY CORP,2023,Coal,38019254.35222
DUKE ENERGY CORP,2023,Natural Gas,33692486.6125
DUKE ENERGY CORP,2023,Oil,36021.4
EAST KENTUCKY POWER COOPERATIVE INC,2011,Coal,10114771.6
EAST KENTUCKY POWER COOPERATIVE INC,2011,Natural Gas,341938.9
EAST KENTUCKY POWER COOPERATIVE INC,2011,Oil,84.89999999999999
EAST KENTUCKY POWER COOPERATIVE INC,2012,Coal,8883800.39
EAST KENTUCKY POWER COOPERATIVE INC,2012,Natural Gas,600244.2
EAST KENTUCKY POWER COOPERATIVE INC,2012,Oil,51.400000000000006
EAST KENTUCKY POWER COOPERATIVE INC,2013,Coal,8668214.23
EAST KENTUCKY POWER COOPERATIVE INC,2013,Natural Gas,239185.7
EAST KENTUCKY POWER COOPERATIVE INC,2013,Oil,53.5
EAST KENTUCKY POWER COOPERATIVE INC,2014,Coal,8908725.1
EAST KENTUCKY POWER COOPERATIVE INC,2014,Natural Gas,305059.8
EAST KENTUCKY POWER COOPERATIVE INC,2014,Oil,187.9
EAST KENTUCKY POWER COOPERATIVE INC,2015,Coal,7382553.9
EAST KENTUCKY POWER COOPERATIVE INC,2015,Natural Gas,281961.1
EAST KENTUCKY POWER COOPERATIVE INC,2015,Oil,99.0
EAST KENTUCKY POWER COOPERATIVE INC,2016,Coal,8790471.52
EAST KENTUCKY POWER COOPERATIVE INC,2016,Natural Gas,186099.80000000002
EAST KENTUCKY POWER COOPERATIVE INC,2016,Oil,48.4
EAST KENTUCKY POWER COOPERATIVE INC,2017,Coal,6791379.84
EAST KENTUCKY POWER COOPERATIVE INC,2017,Natural Gas,162162.1
EAST KENTUCKY POWER COOPERATIVE INC,2017,Oil,72.0
EAST KENTUCKY POWER COOPERATIVE INC,2018,Coal,7920572.46
EAST KENTUCKY POWER COOPERATIVE INC,2018,Natural Gas,330935.4
EAST KENTUCKY POWER COOPERATIVE INC,2018,Oil,100.5
EAST KENTUCKY POWER COOPERATIVE INC,2019,Coal,5882007.93
EAST KENTUCKY POWER COOPERATIVE INC,2019,Natural Gas,322444.2
EAST KENTUCKY POWER COOPERATIVE INC,2019,Oil,105.4
EAST KENTUCKY POWER COOPERATIVE INC,2020,Coal,7017412.86
EAST KENTUCKY POWER COOPERATIVE INC,2020,Natural Gas,252069.4
EAST KENTUCKY POWER COOPERATIVE INC,2020,Oil,9745.6
EAST KENTUCKY POWER COOPERATIVE INC,2021,Coal,8374275.28
EAST KENTUCKY POWER COOPERATIVE INC,2021,Natural Gas,490516.3
EAST KENTUCKY POWER COOPERATIVE INC,2021,Oil,110.5
EAST KENTUCKY POWER COOPERATIVE INC,2022,Coal,8708387.73
EAST KENTUCKY POWER COOPERATIVE INC,2022,Natural Gas,612376.6
EAST KENTUCKY POWER COOPERATIVE INC,2022,Oil,191.39999999999998
EAST KENTUCKY POWER COOPERATIVE INC,2023,Coal,7813104.3
EAST KENTUCKY POWER COOPERATIVE INC,2023,Natural Gas,301850.6
EAST KENTUCKY POWER COOPERATIVE INC,2023,Oil,74.10000000000001
ENTERGY CORP,2011,Coal,16609582.52171
ENTERGY CORP,2011,Natural Gas,18877087.650000002
ENTERGY CORP,2011,Oil,1294.23459
ENTERGY CORP,2011,Other,220.4
ENTERGY CORP,2012,Coal,15554231.36144
ENTERGY CORP,2012,Natural Gas,19838691.4578
ENTERGY CORP,2012,Oil,1539.34888
ENTERGY CORP,2012,Other,151.5
ENTERGY CORP,2013,Coal,15790654.23363
ENTERGY CORP,2013,Natural Gas,19079986.244400002
ENTERGY CORP,2013,Oil,1160.0520099999999
ENTERGY CORP,2013,Other,468.9
ENTERGY CORP,2014,Coal,15263546.58425
ENTERGY CORP,2014,Natural Gas,20268675.0968
ENTERGY CORP,2014,Oil,6999.67381
ENTERGY CORP,2014,Other,303.1
ENTERGY CORP,2015,Coal,9331318.375009999
ENTERGY CORP,2015,Natural Gas,25884365.9828
ENTERGY CORP,2015,Oil,11062.125180000001
ENTERGY CORP,2015,Other,613.4
ENTERGY CORP,2016,Coal,10032592.43454
ENTERGY CORP,2016,Natural Gas,26360582.9608
ENTERGY CORP,2016,Oil,4719.98306
ENTERGY CORP,2016,Other,299.3
ENTERGY CORP,2017,Coal,11767647.975019999
ENTERGY CORP,2017,Natural Gas,22982812.404
ENTERGY CORP,2017,Oil,13232.78604
ENTERGY CORP,2017,Other,246.8
ENTERGY CORP,2018,Coal,12847387.16423
ENTERGY CORP,2018,Natural Gas,25337671.802
ENTERGY CORP,2018,Oil,9633.407099999999
ENTERGY CORP,2018,Other,386.7
ENTERGY CORP,2019,Coal,9596400.33248
ENTERGY CORP,2019,Natural Gas,26546297.872
ENTERGY CORP,2019,Oil,10719.24973
ENTERGY CORP,2019,Other,279.2
ENTERGY CORP,2020,Coal,5130614.631329999
ENTERGY CORP,2020,Natural Gas,27939054.305999998
ENTERGY CORP,2020,Oil,3444.97241
ENTERGY CORP,2020,Other,521.6
ENTERGY CORP,2021,Coal,8285229.722339999
ENTERGY CORP,2021,Natural Gas,27645838.216000002
ENTERGY CORP,2021,Oil,5466.77005
ENTERGY CORP,2021,Other,788.3
ENTERGY CORP,2022,Coal,8382425.3094999995
ENTERGY CORP,2022,Natural Gas,31281890.322
ENTERGY CORP,2022,Oil,10723.38017
ENTERGY CORP,2022,Other,717.9
ENTERGY CORP,2023,Coal,6696942.69243
ENTERGY CORP,2023,Natural Gas,31046889.098
ENTERGY CORP,2023,Oil,4530.864
ENTERGY CORP,2023,Other,439.7
EVERGY INC,2011,Coal,37900473.6786
EVERGY INC,2011,Natural Gas,1328925.6600000001
EVERGY INC,2011,Oil,10377.5
EVERGY INC,2012,Coal,37421321.3932
EVERGY INC,2012,Natural Gas,1422479.0
EVERGY INC,2012,Oil,6352.8
EVERGY INC,2013,Coal,37992590.350600004
EVERGY INC,2013,Natural Gas,1156605.36
EVERGY INC,2013,Oil,7851.84
EVERGY INC,2014,Coal,34599692.328600004
EVERGY INC,2014,Natural Gas,867750.52
EVERGY INC,2014,Oil,15628.66
EVERGY INC,2015,Coal,33083172.0858
EVERGY INC,2015,Natural Gas,849166.62
EVERGY INC,2015,Oil,24539.2
EVERGY INC,2016,Coal,32016910.261
EVERGY INC,2016,Natural Gas,963745.72
EVERGY INC,2016,Oil,1606.8
EVERGY INC,2017,Coal,29208805.2106
EVERGY INC,2017,Natural Gas,963962.06
EVERGY INC,2017,Oil,12019.4
EVERGY INC,2018,Coal,26866854.9886
EVERGY INC,2018,Natural Gas,1388839.24
EVERGY INC,2018,Oil,18372.5
EVERGY INC,2019,Coal,24757815.2414
EVERGY INC,2019,Natural Gas,1514199.1600000001
EVERGY INC,2019,Oil,10838.6
EVERGY INC,2020,Coal,22658337.0122
EVERGY INC,2020,Natural Gas,1126056.98
EVERGY INC,2020,Oil,6809.0
EVERGY INC,2021,Coal,25187356.7608
EVERGY INC,2021,Natural Gas,973218.5
EVERGY INC,2021,Oil,23305.7
EVERGY INC,2022,Coal,25711815.6928
EVERGY INC,2022,Natural Gas,1387648.92
EVERGY INC,2022,Oil,9597.7
EVERGY INC,2023,Coal,20560157.3996
EVERGY INC,2023,Natural Gas,2247575.92
EVERGY INC,2023,Oil,7527.1
EXXON MOBIL CORP,2011,Natural Gas,2890530.2
EXXON MOBIL CORP,2011,Oil,1341.9
EXXON MOBIL CORP,2011,Other,2315789.7
EXXON MOBIL CORP,2012,Natural Gas,2814648.9
EXXON MOBIL CORP,2012,Oil,1319.0
EXXON MOBIL CORP,2012,Other,2008209.2
EXXON MOBIL CORP,2013,Natural Gas,3094277.3
EXXON MOBIL CORP,2013,Oil,3009.8
EXXON MOBIL CORP,2013,Other,2313980.3
EXXON MOBIL CORP,2014,Natural Gas,2666558.6
EXXON MOBIL CORP,2014,Oil,1651.0
EXXON MOBIL CORP,2014,Other,1816396.0
EXXON MOBIL CORP,2015,Natural Gas,2809131.1999999997
EXXON MOBIL CORP,2015,Oil,7171.1
EXXON MOBIL CORP,2015,Other,1878406.9000000001
EXXON MOBIL CORP,2016,Natural Gas,2726093.5
EXXON MOBIL CORP,2016,Oil,5882.8
EXXON MOBIL CORP,2016,Other,2071892.9
EXXON MOBIL CORP,2017,Natural Gas,2699618.1
EXXON MOBIL CORP,2017,Oil,6465.1
EXXON MOBIL CORP,2017,Other,1891183.4000000001
EXXON MOBIL CORP,2018,Natural Gas,2751075.1
EXXON MOBIL CORP,2018,Oil,8354.8
EXXON MOBIL CORP,2018,Other,1759561.7
EXXON MOBIL CORP,2019,Natural Gas,2798346.1
EXXON MOBIL CORP,2019,Oil,3620.1000000000004
EXXON MOBIL CORP,2019,Other,1674066.9
EXXON MOBIL CORP,2020,Natural Gas,2928324.0
EXXON MOBIL CORP,2020,Oil,3202.9
EXXON MOBIL CORP,2020,Other,1836911.0999999999
EXXON MOBIL CORP,2021,Natural Gas,3038587.9
EXXON MOBIL CORP,2021,Oil,4305.900000000001
EXXON MOBIL CORP,2021,Other,1890272.0999999999
EXXON MOBIL CORP,2022,Natural Gas,3118776.5
EXXON MOBIL CORP,2022,Oil,4008.8
EXXON MOBIL CORP,2022,Other,1350130.4
EXXON MOBIL CORP,2023,Natural Gas,3129507.6
EXXON MOBIL CORP,2023,Oil,1689.8999999999999
EXXON MOBIL CORP,2023,Other,1703549.2
FIRSTENERGY CORP,2011,Coal,16699579.0
FIRSTENERGY CORP,2011,Natural Gas,39.5
FIRSTENERGY CORP,2011,Oil,11605.3
FIRSTENERGY CORP,2012,Coal,14449951.3
FIRSTENERGY CORP,2012,Natural Gas,53.599999999999994
FIRSTENERGY CORP,2012,Oil,8915.5
FIRSTENERGY CORP,2013,Coal,18544191.3
FIRSTENERGY CORP,2013,Natural Gas,40.3
FIRSTENERGY CORP,2013,Oil,5214.8
FIRSTENERGY CORP,2014,Coal,17481092.3
FIRSTENERGY CORP,2014,Natural Gas,28.2
FIRSTENERGY CORP,2014,Oil,8600.5
FIRSTENERGY CORP,2015,Coal,17040013.0
FIRSTENERGY CORP,2015,Natural Gas,2.8
FIRSTENERGY CORP,2015,Oil,7270.5
FIRSTENERGY CORP,2016,Coal,18142876.5
FIRSTENERGY CORP,2016,Natural Gas,6.0
FIRSTENERGY CORP,2016,Oil,5661.6
FIRSTENERGY CORP,2017,Coal,17897912.9
FIRSTENERGY CORP,2017,Natural Gas,1.5
FIRSTENERGY CORP,2017,Oil,7808.9
FIRSTENERGY CORP,2018,Coal,17532888.1
FIRSTENERGY CORP,2018,Natural Gas,3085.3
FIRSTENERGY CORP,2018,Oil,6281.7
FIRSTENERGY CORP,2019,Coal,17833928.7
FIRSTENERGY CORP,2019,Natural Gas,1759.9
FIRSTENERGY CORP,2019,Oil,3679.3999999999996
FIRSTENERGY CORP,2020,Coal,14436251.6
FIRSTENERGY CORP,2020,Natural Gas,19.6
FIRSTENERGY CORP,2020,Oil,5161.6
FIRSTENERGY CORP,2021,Coal,15694252.5
FIRSTENERGY CORP,2021,Natural Gas,40.8
FIRSTENERGY CORP,2021,Oil,6447.4
FIRSTENERGY CORP,2022,Coal,16394376.3
FIRSTENERGY CORP,2022,Natural Gas,54.3
FIRSTENERGY CORP,2022,Oil,4591.6
FIRSTENERGY CORP,2023,Coal,15130960.6
FIRSTENERGY CORP,2023,Natural Gas,26.4
FIRSTENERGY CORP,2023,Oil,4917.8
LIGHTSTONE GENERATION LLC,2011,Coal,17507617.6
LIGHTSTONE GENERATION LLC,2011,Natural Gas,2571673.0
LIGHTSTONE GENERATION LLC,2011,Oil,9122.699999999999
LIGHTSTONE GENERATION LLC,2012,Coal,16501897.100000001
LIGHTSTONE GENERATION LLC,2012,Natural Gas,4574753.0
LIGHTSTONE GENERATION LLC,2012,Oil,6349.8
LIGHTSTONE GENERATION LLC,2013,Coal,14294613.7
LIGHTSTONE GENERATION LLC,2013,Natural Gas,2615068.7
LIGHTSTONE GENERATION LLC,2013,Oil,10885.2
LIGHTSTONE GENERATION LLC,2014,Coal,15442473.6
LIGHTSTONE GENERATION LLC,2014,Natural Gas,2916455.6999999997
LIGHTSTONE GENERATION LLC,2014,Oil,8581.6
LIGHTSTONE GENERATION LLC,2015,Coal,13701615.7
LIGHTSTONE GENERATION LLC,2015,Natural Gas,5044623.9
LIGHTSTONE GENERATION LLC,2015,Oil,10871.8
LIGHTSTONE GENERATION LLC,2016,Coal,13179837.399999999
LIGHTSTONE GENERATION LLC,2016,Natural Gas,5518599.5
LIGHTSTONE GENERATION LLC,2016,Oil,11355.5
LIGHTSTONE GENERATION LLC,2017,Coal,14027781.3
LIGHTSTONE GENERATION LLC,2017,Natural Gas,5233074.6
LIGHTSTONE GENERATION LLC,2017,Oil,3601.4999999999995
LIGHTSTONE GENERATION LLC,2018,Coal,14346615.399999999
LIGHTSTONE GENERATION LLC,2018,Natural Gas,5339114.4
LIGHTSTONE GENERATION LLC,2018,Oil,10094.0
LIGHTSTONE GENERATION LLC,2019,Coal,12934779.9
LIGHTSTONE GENERATION LLC,2019,Natural Gas,5678049.5
LIGHTSTONE GENERATION LLC,2019,Oil,5426.0
LIGHTSTONE GENERATION LLC,2020,Coal,13675343.6
LIGHTSTONE GENERATION LLC,2020,Natural Gas,6151729.399999999
LIGHTSTONE GENERATION LLC,2020,Oil,2386.5
LIGHTSTONE GENERATION LLC,2021,Coal,13355912.600000001
LIGHTSTONE GENERATION LLC,2021,Natural Gas,5770095.899999999
LIGHTSTONE GENERATION LLC,2021,Oil,14442.5
LIGHTSTONE GENERATION LLC,2022,Coal,11192607.899999999
LIGHTSTONE GENERATION LLC,2022,Natural Gas,6148663.6
LIGHTSTONE GENERATION LLC,2022,Oil,15497.0
LIGHTSTONE GENERATION LLC,2023,Coal,13337288.5
LIGHTSTONE GENERATION LLC,2023,Natural Gas,5679229.2
LIGHTSTONE GENERATION LLC,2023,Oil,6137.9
LOWER COLORADO RIVER AUTHORITY,2011,Coal,7209994.8344
LOWER COLORADO RIVER AUTHORITY,2011,Natural Gas,1291158.5063399998
LOWER COLORADO RIVER AUTHORITY,2011,Oil,0.0
LOWER COLORADO RIVER AUTHORITY,2012,Coal,5844689.2589
LOWER COLORADO RIVER AUTHORITY,2012,Natural Gas,1060913.8957500001
LOWER COLORADO RIVER AUTHORITY,2012,Oil,36.011199999999995
LOWER COLORADO RIVER AUTHORITY,2013,Coal,7593041.2178
LOWER COLORADO RIVER AUTHORITY,2013,Natural Gas,919307.3283099999
LOWER COLORADO RIVER AUTHORITY,2013,Oil,36.7086
LOWER COLORADO RIVER AUTHORITY,2014,Coal,6959931.37583
LOWER COLORADO RIVER AUTHORITY,2014,Natural Gas,1354127.66288
LOWER COLORADO RIVER AUTHORITY,2014,Oil,40.0688
LOWER COLORADO RIVER AUTHORITY,2015,Coal,6273997.05312
LOWER COLORADO RIVER AUTHORITY,2015,Natural Gas,2029853.29867
LOWER COLORADO RIVER AUTHORITY,2015,Oil,48.1206
LOWER COLORADO RIVER AUTHORITY,2016,Coal,7366536.507920001
LOWER COLORADO RIVER AUTHORITY,2016,Natural Gas,2070939.51001
LOWER COLORADO RIVER AUTHORITY,2016,Oil,76.5872
LOWER COLORADO RIVER AUTHORITY,2017,Coal,8155484.21639
LOWER COLORADO RIVER AUTHORITY,2017,Natural Gas,1911707.60004
LOWER COLORADO RIVER AUTHORITY,2017,Oil,67.2674
LOWER COLORADO RIVER AUTHORITY,2018,Coal,7542762.13695
LOWER COLORADO RIVER AUTHORITY,2018,Natural Gas,1897259.1665100001
LOWER COLORADO RIVER AUTHORITY,2018,Oil,33.0314
LOWER COLORADO RIVER AUTHORITY,2019,Coal,7040464.8306
LOWER COLORADO RIVER AUTHORITY,2019,Natural Gas,2045956.5614800001
LOWER COLORADO RIVER AUTHORITY,2019,Oil,0.0
LOWER COLORADO RIVER AUTHORITY,2020,Coal,6392811.05532
LOWER COLORADO RIVER AUTHORITY,2020,Natural Gas,2192620.5548799997
LOWER COLORADO RIVER AUTHORITY,2020,Oil,0.0
LOWER COLORADO RIVER AUTHORITY,2021,Coal,7510535.4127
LOWER COLORADO RIVER AUTHORITY,2021,Natural Gas,1997326.9362899999
LOWER COLORADO RIVER AUTHORITY,2021,Oil,7.4178
LOWER COLORADO RIVER AUTHORITY,2022,Coal,7102338.44922
LOWER COLORADO RIVER AUTHORITY,2022,Natural Gas,2249779.7262299997
LOWER COLORADO RIVER AUTHORITY,2022,Oil,4.8184
LOWER COLORADO RIVER AUTHORITY,2023,Coal,5700899.22306
LOWER COLORADO RIVER AUTHORITY,2023,Natural Gas,2679490.71306
LOWER COLORADO RIVER AUTHORITY,2023,Oil,10.841400000000002
"LS Power Development, LLC",2011,Natural Gas,4216735.8
"LS Power Development, LLC",2012,Natural Gas,5684413.2
"LS Power Development, LLC",2013,Natural Gas,5321641.3
"LS Power Development, LLC",2014,Natural Gas,6270193.6
"LS Power Development, LLC",2014,Oil,143.9
"LS Power Development, LLC",2015,Natural Gas,8340681.2
"LS Power Development, LLC",2015,Oil,24791.399999999998
"LS Power Development, LLC",2016,Natural Gas,9476065.0
"LS Power Development, LLC",2016,Oil,25062.0
"LS Power Development, LLC",2017,Natural Gas,8070991.8
"LS Power Development, LLC",2017,Oil,8.8
"LS Power Development, LLC",2018,Natural Gas,8914069.4
"LS Power Development, LLC",2018,Oil,22.1
"LS Power Development, LLC",2019,Natural Gas,9334126.7
"LS Power Development, LLC",2019,Oil,43000.0
"LS Power Development, LLC",2020,Natural Gas,8831396.8
"LS Power Development, LLC",2020,Oil,20.9
"LS Power Development, LLC",2021,Natural Gas,8617849.3
"LS Power Development, LLC",2021,Oil,18648.7
"LS Power Development, LLC",2022,Natural Gas,9796567.7
"LS Power Development, LLC",2022,Oil,30042.399999999998
"LS Power Development, LLC",2023,Natural Gas,10818513.0
MARATHON PETROLEUM CORP,2011,Natural Gas,665271.0
MARATHON PETROLEUM CORP,2011,Oil,542.0
MARATHON PETROLEUM CORP,2011,Other,5224052.2
MARATHON PETROLEUM CORP,2012,Natural Gas,653230.7
MARATHON PETROLEUM CORP,2012,Oil,451.4
MARATHON PETROLEUM CORP,2012,Other,5517595.1
MARATHON PETROLEUM CORP,2013,Natural Gas,3410828.1
MARATHON PETROLEUM CORP,2013,Oil,1755.0
MARATHON PETROLEUM CORP,2013,Other,2112965.9
MARATHON PETROLEUM CORP,2014,Natural Gas,3679178.6
MARATHON PETROLEUM CORP,2014,Oil,1998.3
MARATHON PETROLEUM CORP,2014,Other,1888232.2999999998
MARATHON PETROLEUM CORP,2015,Natural Gas,3573568.3
MARATHON PETROLEUM CORP,2015,Oil,1971.1
MARATHON PETROLEUM CORP,2015,Other,2125216.4
MARATHON PETROLEUM CORP,2016,Natural Gas,767358.9
MARATHON PETROLEUM CORP,2016,Oil,1998.3
MARATHON PETROLEUM CORP,2016,Other,5008755.4
MARATHON PETROLEUM CORP,2017,Natural Gas,3657995.2
MARATHON PETROLEUM CORP,2017,Oil,1222.9
MARATHON PETROLEUM CORP,2017,Other,1995319.5
MARATHON PETROLEUM CORP,2018,Natural Gas,3236796.9
MARATHON PETROLEUM CORP,2018,Oil,2048.0
MARATHON PETROLEUM CORP,2018,Other,1829817.6
MARATHON PETROLEUM CORP,2019,Natural Gas,875369.1
MARATHON PETROLEUM CORP,2019,Oil,2579.6
MARATHON PETROLEUM CORP,2019,Other,4911173.6
MARATHON PETROLEUM CORP,2020,Natural Gas,2466653.3
MARATHON PETROLEUM CORP,2020,Oil,2710.7000000000003
MARATHON PETROLEUM CORP,2020,Other,2291923.6
MARATHON PETROLEUM CORP,2021,Natural Gas,3497120.7
MARATHON PETROLEUM CORP,2021,Oil,4060.2999999999997
MARATHON PETROLEUM CORP,2021,Other,1484488.5
MARATHON PETROLEUM CORP,2022,Natural Gas,3433655.1
MARATHON PETROLEUM CORP,2022,Oil,4331.3
MARATHON PETROLEUM CORP,2022,Other,1950519.2999999998
MARATHON PETROLEUM CORP,2023,Natural Gas,3287700.9
MARATHON PETROLEUM CORP,2023,Oil,4749.4
MARATHON PETROLEUM CORP,2023,Other,1441259.0999999999
NEBRASKA PUBLIC POWER DISTRICT,2011,Coal,10795450.9
NEBRASKA PUBLIC POWER DISTRICT,2011,Natural Gas,65439.5
NEBRASKA PUBLIC POWER DISTRICT,2011,Oil,854.3
NEBRASKA PUBLIC POWER DISTRICT,2012,Coal,9660457.1
NEBRASKA PUBLIC POWER DISTRICT,2012,Natural Gas,172266.5
NEBRASKA PUBLIC POWER DISTRICT,2012,Oil,58.8
NEBRASKA PUBLIC POWER DISTRICT,2013,Coal,10478076.899999999
NEBRASKA PUBLIC POWER DISTRICT,2013,Natural Gas,66650.2
NEBRASKA PUBLIC POWER DISTRICT,2013,Oil,156.9
NEBRASKA PUBLIC POWER DISTRICT,2014,Coal,9785221.4
NEBRASKA PUBLIC POWER DISTRICT,2014,Natural Gas,92323.7
NEBRASKA PUBLIC POWER DISTRICT,2014,Oil,266.20000000000005
NEBRASKA PUBLIC POWER DISTRICT,2015,Coal,9383977.2
NEBRASKA PUBLIC POWER DISTRICT,2015,Natural Gas,95650.90000000001
NEBRASKA PUBLIC POWER DISTRICT,2015,Oil,114.1
NEBRASKA PUBLIC POWER DISTRICT,2016,Coal,8084491.3
NEBRASKA PUBLIC POWER DISTRICT,2016,Natural Gas,132153.4
NEBRASKA PUBLIC POWER DISTRICT,2016,Oil,149.8
NEBRASKA PUBLIC POWER DISTRICT,2017,Coal,8233399.3
NEBRASKA PUBLIC POWER DISTRICT,2017,Natural Gas,137509.4
NEBRASKA PUBLIC POWER DISTRICT,2017,Oil,148.2
NEBRASKA PUBLIC POWER DISTRICT,2018,Coal,9356560.3
NEBRASKA PUBLIC POWER DISTRICT,2018,Natural Gas,213531.0
NEBRASKA PUBLIC POWER DISTRICT,2018,Oil,1619.3999999999999
NEBRASKA PUBLIC POWER DISTRICT,2019,Coal,8742996.4
NEBRASKA PUBLIC POWER DISTRICT,2019,Natural Gas,315055.30000000005
NEBRASKA PUBLIC POWER DISTRICT,2019,Oil,202.5
NEBRASKA PUBLIC POWER DISTRICT,2020,Coal,7177547.7
NEBRASKA PUBLIC POWER DISTRICT,2020,Natural Gas,345194.7
NEBRASKA PUBLIC POWER DISTRICT,2020,Oil,1226.1
NEBRASKA PUBLIC POWER DISTRICT,2021,Coal,7559323.0
NEBRASKA PUBLIC POWER DISTRICT,2021,Natural Gas,250108.4
NEBRASKA PUBLIC POWER DISTRICT,2021,Oil,2733.5
NEBRASKA PUBLIC POWER DISTRICT,2022,Coal,8195656.3
NEBRASKA PUBLIC POWER DISTRICT,2022,Natural Gas,212034.4
NEBRASKA PUBLIC POWER DISTRICT,2022,Oil,2177.2
NEBRASKA PUBLIC POWER DISTRICT,2023,Coal,7971296.0
NEBRASKA PUBLIC POWER DISTRICT,2023,Natural Gas,296190.0
NEBRASKA PUBLIC POWER DISTRICT,2023,Oil,2869.9
NEXTERA ENERGY INC,2011,Coal,8373848.338609999
NEXTERA ENERGY INC,2011,Natural Gas,33718057.675
NEXTERA ENERGY INC,2011,Oil,469648.5
NEXTERA ENERGY INC,2012,Coal,6329699.83891
NEXTERA ENERGY INC,2012,Natural Gas,35948272.175
NEXTERA ENERGY INC,2012,Oil,725899.2000000001
NEXTERA ENERGY INC,2013,Coal,6667548.07751
NEXTERA ENERGY INC,2013,Natural Gas,32740688.35
NEXTERA ENERGY INC,2013,Oil,213880.64165
NEXTERA ENERGY INC,2014,Coal,7487554.47691
NEXTERA ENERGY INC,2014,Natural Gas,34347276.075
NEXTERA ENERGY INC,2014,Oil,236909.43331999998
NEXTERA ENERGY INC,2015,Coal,5444779.4776
NEXTERA ENERGY INC,2015,Natural Gas,38330347.275
NEXTERA ENERGY INC,2015,Oil,590541.82499
NEXTERA ENERGY INC,2016,Coal,5228229.3376
NEXTERA ENERGY INC,2016,Natural Gas,36466141.35
NEXTERA ENERGY INC,2016,Oil,545335.60833
NEXTERA ENERGY INC,2017,Coal,5355752.7548
NEXTERA ENERGY INC,2017,Natural Gas,36959569.95
NEXTERA ENERGY INC,2017,Oil,112020.6
NEXTERA ENERGY INC,2018,Coal,5213796.15436
NEXTERA ENERGY INC,2018,Natural Gas,37708769.125
NEXTERA ENERGY INC,2018,Oil,239441.4
NEXTERA ENERGY INC,2019,Coal,4529831.05442
NEXTERA ENERGY INC,2019,Natural Gas,37697187.75
NEXTERA ENERGY INC,2019,Oil,25861.6
NEXTERA ENERGY INC,2020,Coal,2315208.53082
NEXTERA ENERGY INC,2020,Natural Gas,38727195.525
NEXTERA ENERGY INC,2020,Oil,27125.17497
NEXTERA ENERGY INC,2021,Coal,1558561.13847
NEXTERA ENERGY INC,2021,Natural Gas,38024377.375
NEXTERA ENERGY INC,2021,Oil,23112.7
NEXTERA ENERGY INC,2022,Coal,1445870.70278
NEXTERA ENERGY INC,2022,Natural Gas,39027396.65
NEXTERA ENERGY INC,2022,Oil,438811.2
NEXTERA ENERGY INC,2023,Coal,1080237.77767
NEXTERA ENERGY INC,2023,Natural Gas,41124381.8
NEXTERA ENERGY INC,2023,Oil,53191.5
NRG ENERGY INC,2011,Coal,54334569.0
NRG ENERGY INC,2011,Natural Gas,4201476.85
NRG ENERGY INC,2011,Oil,5372.900000000001
NRG ENERGY INC,2012,Coal,45264128.6
NRG ENERGY INC,2012,Natural Gas,4122721.75
NRG ENERGY INC,2012,Oil,5848.7
NRG ENERGY INC,2013,Coal,49827592.5
NRG ENERGY INC,2013,Natural Gas,3681308.225
NRG ENERGY INC,2013,Oil,4824.1955
NRG ENERGY INC,2014,Coal,46843515.89
NRG ENERGY INC,2014,Natural Gas,3562019.9726
NRG ENERGY INC,2014,Oil,32288.5
NRG ENERGY INC,2015,Coal,39513139.6
NRG ENERGY INC,2015,Natural Gas,4524195.5493
NRG ENERGY INC,2015,Oil,2741.8
NRG ENERGY INC,2016,Coal,30866488.3
NRG ENERGY INC,2016,Natural Gas,3565923.4155
NRG ENERGY INC,2016,Oil,1606.0
NRG ENERGY INC,2017,Coal,32328264.4
NRG ENERGY INC,2017,Natural Gas,2998342.9444
NRG ENERGY INC,2017,Oil,1605.4
NRG ENERGY INC,2018,Coal,30706725.0
NRG ENERGY INC,2018,Natural Gas,3118269.874
NRG ENERGY INC,2018,Oil,3186.3999999999996
NRG ENERGY INC,2019,Coal,25103038.8
NRG ENERGY INC,2019,Natural Gas,4357778.1753
NRG ENERGY INC,2019,Oil,1144.2
NRG ENERGY INC,2020,Coal,17944853.2
NRG ENERGY INC,2020,Natural Gas,3722391.2139
NRG ENERGY INC,2020,Oil,2049.1
NRG ENERGY INC,2021,Coal,24631498.7
NRG ENERGY INC,2021,Natural Gas,4564052.6376
NRG ENERGY INC,2021,Oil,1581.1
NRG ENERGY INC,2022,Coal,26301129.2
NRG ENERGY INC,2022,Natural Gas,4380874.049
NRG ENERGY INC,2022,Oil,6212.5
NRG ENERGY INC,2023,Coal,17391559.8
NRG ENERGY INC,2023,Natural Gas,4193976.6105
NRG ENERGY INC,2023,Oil,3375.0
OGE ENERGY CORP,2011,Coal,17535965.2
OGE ENERGY CORP,2011,Natural Gas,5392793.026
OGE ENERGY CORP,2011,Oil,0.0
OGE ENERGY CORP,2012,Coal,16495169.2
OGE ENERGY CORP,2012,Natural Gas,5558292.714
OGE ENERGY CORP,2012,Oil,12.4
OGE ENERGY CORP,2013,Coal,15102365.200000001
OGE ENERGY CORP,2013,Natural Gas,4903893.634
OGE ENERGY CORP,2013,Oil,5.0
OGE ENERGY CORP,2014,Coal,16147729.0
OGE ENERGY CORP,2014,Natural Gas,3471834.173
OGE ENERGY CORP,2014,Oil,168.5
OGE ENERGY CORP,2015,Coal,12879169.5
OGE ENERGY CORP,2015,Natural Gas,4157097.005
OGE ENERGY CORP,2015,Oil,2549.0
OGE ENERGY CORP,2016,Coal,13351250.6
OGE ENERGY CORP,2016,Natural Gas,4552185.415
OGE ENERGY CORP,2016,Oil,2348.7
OGE ENERGY CORP,2017,Coal,12796667.9
OGE ENERGY CORP,2017,Natural Gas,3150029.563
OGE ENERGY CORP,2017,Oil,1503.5
OGE ENERGY CORP,2018,Coal,10877902.780000001
OGE ENERGY CORP,2018,Natural Gas,3969236.705
OGE ENERGY CORP,2018,Oil,1227.3
OGE ENERGY CORP,2019,Coal,5445437.0
OGE ENERGY CORP,2019,Natural Gas,5313219.49
OGE ENERGY CORP,2019,Oil,2635.5
OGE ENERGY CORP,2020,Coal,5110432.3
OGE ENERGY CORP,2020,Natural Gas,5756253.133
OGE ENERGY CORP,2020,Oil,7782.6
OGE ENERGY CORP,2021,Coal,7384332.1
OGE ENERGY CORP,2021,Natural Gas,4023409.242
OGE ENERGY CORP,2021,Oil,2952.6
OGE ENERGY CORP,2022,Coal,4695593.72
OGE ENERGY CORP,2022,Natural Gas,4202805.4350000005
OGE ENERGY CORP,2022,Oil,4335.9
OGE ENERGY CORP,2023,Coal,2618772.56
OGE ENERGY CORP,2023,Natural Gas,5118107.277
OGE ENERGY CORP,2023,Oil,8607.1
OGLETHORPE POWER CORP,2011,Coal,8759056.68
OGLETHORPE POWER CORP,2011,Natural Gas,3537412.5
OGLETHORPE POWER CORP,2012,Coal,8657833.08
OGLETHORPE POWER CORP,2012,Natural Gas,4251982.7
OGLETHORPE POWER CORP,2013,Coal,8847449.879999999
OGLETHORPE POWER CORP,2013,Natural Gas,2603795.6
OGLETHORPE POWER CORP,2013,Oil,0.2
OGLETHORPE POWER CORP,2014,Coal,8128777.08
OGLETHORPE POWER CORP,2014,Natural Gas,2966467.6
OGLETHORPE POWER CORP,2014,Oil,5121.16
OGLETHORPE POWER CORP,2015,Coal,7140668.8
OGLETHORPE POWER CORP,2015,Natural Gas,4578691.9
OGLETHORPE POWER CORP,2015,Oil,0.12
OGLETHORPE POWER CORP,2016,Coal,7007448.8
OGLETHORPE POWER CORP,2016,Natural Gas,5951703.1
OGLETHORPE POWER CORP,2016,Oil,0.04000000000000001
OGLETHORPE POWER CORP,2017,Coal,6098342.4
OGLETHORPE POWER CORP,2017,Natural Gas,5719533.4
OGLETHORPE POWER CORP,2017,Oil,0.0
OGLETHORPE POWER CORP,2018,Coal,6625747.68
OGLETHORPE POWER CORP,2018,Natural Gas,5228236.7
OGLETHORPE POWER CORP,2018,Oil,0.0
OGLETHORPE POWER CORP,2019,Coal,5462626.96
OGLETHORPE POWER CORP,2019,Natural Gas,6183739.1
OGLETHORPE POWER CORP,2019,Oil,0.0
OGLETHORPE POWER CORP,2020,Coal,2723410.16
OGLETHORPE POWER CORP,2020,Natural Gas,6554705.8
OGLETHORPE POWER CORP,2020,Oil,0.36000000000000004
OGLETHORPE POWER CORP,2021,Coal,3738838.3600000003
OGLETHORPE POWER CORP,2021,Natural Gas,6422631.7
OGLETHORPE POWER CORP,2022,Coal,3242666.6400000006
OGLETHORPE POWER CORP,2022,Natural Gas,6799283.100000001
OGLETHORPE POWER CORP,2023,Coal,3021167.96
OGLETHORPE POWER CORP,2023,Natural Gas,6964199.7
OMAHA PUBLIC POWER DISTRICT,2011,Coal,12387191.4
OMAHA PUBLIC POWER DISTRICT,2011,Natural Gas,85347.0
OMAHA PUBLIC POWER DISTRICT,2011,Oil,609.9000000000001
OMAHA PUBLIC POWER DISTRICT,2012,Coal,12336846.8
OMAHA PUBLIC POWER DISTRICT,2012,Natural Gas,138076.8
OMAHA PUBLIC POWER DISTRICT,2012,Oil,12.100000000000001
OMAHA PUBLIC POWER DISTRICT,2013,Coal,12858734.3
OMAHA PUBLIC POWER DISTRICT,2013,Natural Gas,97718.0
OMAHA PUBLIC POWER DISTRICT,2013,Oil,19.0
OMAHA PUBLIC POWER DISTRICT,2014,Coal,11904633.11
OMAHA PUBLIC POWER DISTRICT,2014,Natural Gas,47734.1
OMAHA PUBLIC POWER DISTRICT,2014,Oil,523.0
OMAHA PUBLIC POWER DISTRICT,2015,Coal,11690972.61
OMAHA PUBLIC POWER DISTRICT,2015,Natural Gas,38269.8
OMAHA PUBLIC POWER DISTRICT,2015,Oil,282.9
OMAHA PUBLIC POWER DISTRICT,2016,Coal,10496576.2
OMAHA PUBLIC POWER DISTRICT,2016,Natural Gas,57837.5
OMAHA PUBLIC POWER DISTRICT,2016,Oil,7.6
OMAHA PUBLIC POWER DISTRICT,2017,Coal,10472830.69
OMAHA PUBLIC POWER DISTRICT,2017,Natural Gas,88817.7
OMAHA PUBLIC POWER DISTRICT,2017,Oil,5.4
OMAHA PUBLIC POWER DISTRICT,2018,Coal,10708304.68
OMAHA PUBLIC POWER DISTRICT,2018,Natural Gas,143872.3
OMAHA PUBLIC POWER DISTRICT,2018,Oil,7.7
OMAHA PUBLIC POWER DISTRICT,2019,Coal,8835205.2
OMAHA PUBLIC POWER DISTRICT,2019,Natural Gas,235213.6
OMAHA PUBLIC POWER DISTRICT,2019,Oil,723.3000000000001
OMAHA PUBLIC POWER DISTRICT,2020,Coal,9851000.4
OMAHA PUBLIC POWER DISTRICT,2020,Natural Gas,154892.3
OMAHA PUBLIC POWER DISTRICT,2020,Oil,5770.8
OMAHA PUBLIC POWER DISTRICT,2021,Coal,8582502.1
OMAHA PUBLIC POWER DISTRICT,2021,Natural Gas,224199.40000000002
OMAHA PUBLIC POWER DISTRICT,2021,Oil,7650.3
OMAHA PUBLIC POWER DISTRICT,2022,Coal,8713385.3
OMAHA PUBLIC POWER DISTRICT,2022,Natural Gas,300032.0
OMAHA PUBLIC POWER DISTRICT,2022,Oil,246.3
OMAHA PUBLIC POWER DISTRICT,2023,Coal,7345376.9
OMAHA PUBLIC POWER DISTRICT,2023,Natural Gas,363483.3
OMAHA PUBLIC POWER DISTRICT,2023,Oil,309.6
PINNACLE WEST CAPITAL CORP,2011,Coal,16087322.081
PINNACLE WEST CAPITAL CORP,2011,Natural Gas,2513915.211
PINNACLE WEST CAPITAL CORP,2011,Oil,373.74399999999997
PINNACLE WEST CAPITAL CORP,2012,Coal,16339018.61
PINNACLE WEST CAPITAL CORP,2012,Natural Gas,3108227.438
PINNACLE WEST CAPITAL CORP,2012,Oil,744.0799999999999
PINNACLE WEST CAPITAL CORP,2013,Coal,15911426.456
PINNACLE WEST CAPITAL CORP,2013,Natural Gas,2635131.241
PINNACLE WEST CAPITAL CORP,2013,Oil,237.42399999999998
PINNACLE WEST CAPITAL CORP,2014,Coal,13345531.509
PINNACLE WEST CAPITAL CORP,2014,Natural Gas,2529428.6350000002
PINNACLE WEST CAPITAL CORP,2014,Oil,443.537
PINNACLE WEST CAPITAL CORP,2015,Coal,13009868.671
PINNACLE WEST CAPITAL CORP,2015,Natural Gas,2975850.761
PINNACLE WEST CAPITAL CORP,2015,Oil,88.75
PINNACLE WEST CAPITAL CORP,2016,Coal,6648128.71
PINNACLE WEST CAPITAL CORP,2016,Natural Gas,3701959.898
PINNACLE WEST CAPITAL CORP,2016,Oil,239.341
PINNACLE WEST CAPITAL CORP,2017,Coal,8067558.472999999
PINNACLE WEST CAPITAL CORP,2017,Natural Gas,3659804.639
PINNACLE WEST CAPITAL CORP,2017,Oil,862.4369999999999
PINNACLE WEST CAPITAL CORP,2018,Coal,8871687.556
PINNACLE WEST CAPITAL CORP,2018,Natural Gas,3717033.62
PINNACLE WEST CAPITAL CORP,2018,Oil,2027.263
PINNACLE WEST CAPITAL CORP,2019,Coal,8716135.385
PINNACLE WEST CAPITAL CORP,2019,Natural Gas,4006009.88
PINNACLE WEST CAPITAL CORP,2019,Oil,1873.619
PINNACLE WEST CAPITAL CORP,2020,Coal,8490550.189
PINNACLE WEST CAPITAL CORP,2020,Natural Gas,4679319.945
PINNACLE WEST CAPITAL CORP,2020,Oil,2766.2309999999998
PINNACLE WEST CAPITAL CORP,2021,Coal,7175936.811
PINNACLE WEST CAPITAL CORP,2021,Natural Gas,4153554.625
PINNACLE WEST CAPITAL CORP,2021,Oil,1169.086
PINNACLE WEST CAPITAL CORP,2022,Coal,8814765.67
PINNACLE WEST CAPITAL CORP,2022,Natural Gas,3784991.871
PINNACLE WEST CAPITAL CORP,2022,Oil,710.213
PINNACLE WEST CAPITAL CORP,2023,Coal,6549484.74
PINNACLE WEST CAPITAL CORP,2023,Natural Gas,3930983.758
PINNACLE WEST CAPITAL CORP,2023,Oil,448.2939999999999
PPL CORP,2011,Coal,33248160.700000003
PPL CORP,2011,Natural Gas,269760.9
PPL CORP,2011,Oil,64398.4
PPL CORP,2012,Coal,31352583.7
PPL CORP,2012,Natural Gas,642497.0
PPL CORP,2012,Oil,157408.0
PPL CORP,2013,Coal,33161282.9
PPL CORP,2013,Natural Gas,271049.3
PPL CORP,2013,Oil,75908.2
PPL CORP,2014,Coal,32519269.9
PPL CORP,2014,Natural Gas,1010278.1000000001
PPL CORP,2014,Oil,79.5
PPL CORP,2015,Coal,28944546.8
PPL CORP,2015,Natural Gas,2180585.8
PPL CORP,2015,Oil,1965.9
PPL CORP,2016,Coal,27609275.0
PPL CORP,2016,Natural Gas,2668166.3
PPL CORP,2016,Oil,31743.600000000002
PPL CORP,2017,Coal,27968571.4
PPL CORP,2017,Natural Gas,1973321.5
PPL CORP,2017,Oil,7715.5
PPL CORP,2018,Coal,28272999.2
PPL CORP,2018,Natural Gas,2748943.4
PPL CORP,2018,Oil,25.4
PPL CORP,2019,Coal,25478764.8
PPL CORP,2019,Natural Gas,2767584.4
PPL CORP,2019,Oil,8.2
PPL CORP,2020,Coal,24520765.3
PPL CORP,2020,Natural Gas,2188670.9
PPL CORP,2020,Oil,4.4
PPL CORP,2021,Coal,25677976.1
PPL CORP,2021,Natural Gas,2427217.6
PPL CORP,2021,Oil,7.3
PPL CORP,2022,Coal,25365099.0
PPL CORP,2022,Natural Gas,3181591.1
PPL CORP,2022,Oil,9.899999999999999
PPL CORP,2023,Coal,24455360.6
PPL CORP,2023,Natural Gas,2116952.4
PPL CORP,2023,Oil,1.6
PRAIRIE STATE ENERGY CAMPUS MANAGEMENT CO,2011,Natural Gas,16452.9
PRAIRIE STATE ENERGY CAMPUS MANAGEMENT CO,2011,Oil,25.4
PRAIRIE STATE ENERGY CAMPUS MANAGEMENT CO,2012,Coal,4605381.9
PRAIRIE STATE ENERGY CAMPUS MANAGEMENT CO,2012,Natural Gas,16635.3
PRAIRIE STATE ENERGY CAMPUS MANAGEMENT CO,2013,Coal,8162528.8
PRAIRIE STATE ENERGY CAMPUS MANAGEMENT CO,2013,Natural Gas,4984.2
PRAIRIE STATE ENERGY CAMPUS MANAGEMENT CO,2014,Coal,8891200.6
PRAIRIE STATE ENERGY CAMPUS MANAGEMENT CO,2014,Natural Gas,2958.5
PRAIRIE STATE ENERGY CAMPUS MANAGEMENT CO,2015,Coal,10494114.1
PRAIRIE STATE ENERGY CAMPUS MANAGEMENT CO,2015,Natural Gas,947.2
PRAIRIE STATE ENERGY CAMPUS MANAGEMENT CO,2016,Coal,10403546.1
PRAIRIE STATE ENERGY CAMPUS MANAGEMENT CO,2016,Natural Gas,1159.7
PRAIRIE STATE ENERGY CAMPUS MANAGEMENT CO,2017,Coal,10933106.3
PRAIRIE STATE ENERGY CAMPUS MANAGEMENT CO,2017,Natural Gas,675.8
PRAIRIE STATE ENERGY CAMPUS MANAGEMENT CO,2018,Coal,12000790.3
PRAIRIE STATE ENERGY CAMPUS MANAGEMENT CO,2018,Natural Gas,1455.3
PRAIRIE STATE ENERGY CAMPUS MANAGEMENT CO,2019,Coal,12573293.8
PRAIRIE STATE ENERGY CAMPUS MANAGEMENT CO,2019,Natural Gas,204.9
PRAIRIE STATE ENERGY CAMPUS MANAGEMENT CO,2020,Coal,11782980.899999999
PRAIRIE STATE ENERGY CAMPUS MANAGEMENT CO,2020,Natural Gas,2510.3
PRAIRIE STATE ENERGY CAMPUS MANAGEMENT CO,2021,Coal,12330277.0
PRAIRIE STATE ENERGY CAMPUS MANAGEMENT CO,2021,Natural Gas,886.6
PRAIRIE STATE ENERGY CAMPUS MANAGEMENT CO,2022,Coal,10836733.2
PRAIRIE STATE ENERGY CAMPUS MANAGEMENT CO,2022,Natural Gas,1189.8
PRAIRIE STATE ENERGY CAMPUS MANAGEMENT CO,2023,Coal,11280177.100000001
PRAIRIE STATE ENERGY CAMPUS MANAGEMENT CO,2023,Natural Gas,248.9
PUGET HOLDINGS LLC,2011,Coal,4519226.818899998
PUGET HOLDINGS LLC,2011,Natural Gas,707044.1
PUGET HOLDINGS LLC,2012,Coal,4326840.912899999
PUGET HOLDINGS LLC,2012,Natural Gas,954349.2999999999
PUGET HOLDINGS LLC,2012,Oil,5398.7
PUGET HOLDINGS LLC,2013,Coal,4385507.047599998
PUGET HOLDINGS LLC,2013,Natural Gas,2037001.3
PUGET HOLDINGS LLC,2014,Coal,4779156.546899999
PUGET HOLDINGS LLC,2014,Natural Gas,1594926.0
PUGET HOLDINGS LLC,2015,Coal,5120855.081499998
PUGET HOLDINGS LLC,2015,Natural Gas,2182549.5
PUGET HOLDINGS LLC,2016,Coal,4612878.310999999
PUGET HOLDINGS LLC,2016,Natural Gas,1631222.6
PUGET HOLDINGS LLC,2017,Coal,4465800.067199999
PUGET HOLDINGS LLC,2017,Natural Gas,1441734.8
PUGET HOLDINGS LLC,2018,Coal,4267372.026299998
PUGET HOLDINGS LLC,2018,Natural Gas,1603600.3
PUGET HOLDINGS LLC,2019,Coal,4576261.480599998
PUGET HOLDINGS LLC,2019,Natural Gas,2538249.6
PUGET HOLDINGS LLC,2020,Coal,2672682.6538999993
PUGET HOLDINGS LLC,2020,Natural Gas,2487554.3
PUGET HOLDINGS LLC,2021,Coal,3215309.895399999
PUGET HOLDINGS LLC,2021,Natural Gas,2866174.6
PUGET HOLDINGS LLC,2022,Coal,3441092.612499999
PUGET HOLDINGS LLC,2022,Natural Gas,2327747.0999999996
PUGET HOLDINGS LLC,2023,Coal,3514060.4119999986
PUGET HOLDINGS LLC,2023,Natural Gas,3794208.2
REMC ASSETS LP,2011,Coal,8884760.5
REMC ASSETS LP,2011,Natural Gas,1025.9
REMC ASSETS LP,2011,Oil,436.3
REMC ASSETS LP,2012,Coal,9543603.7
REMC ASSETS LP,2012,Natural Gas,1184.0
REMC ASSETS LP,2012,Oil,74.0
REMC ASSETS LP,2013,Coal,9146866.8
REMC ASSETS LP,2013,Natural Gas,3021.6
REMC ASSETS LP,2013,Oil,74.0
REMC ASSETS LP,2014,Coal,9167133.8
REMC ASSETS LP,2014,Natural Gas,2377.4
REMC ASSETS LP,2014,Oil,1915.3
REMC ASSETS LP,2015,Coal,9196430.2
REMC ASSETS LP,2015,Natural Gas,1542.7
REMC ASSETS LP,2015,Oil,49.9
REMC ASSETS LP,2016,Coal,8289969.4
REMC ASSETS LP,2016,Natural Gas,1632.8
REMC ASSETS LP,2016,Oil,9.5
REMC ASSETS LP,2017,Coal,8113922.9
REMC ASSETS LP,2017,Natural Gas,1488.9
REMC ASSETS LP,2017,Oil,149.6
REMC ASSETS LP,2018,Coal,9482699.4
REMC ASSETS LP,2018,Natural Gas,1334.4
REMC ASSETS LP,2018,Oil,795.0
REMC ASSETS LP,2019,Coal,8590591.3
REMC ASSETS LP,2019,Natural Gas,5094.3
REMC ASSETS LP,2019,Oil,568.1
REMC ASSETS LP,2020,Coal,8657639.399999999
REMC ASSETS LP,2020,Natural Gas,1993.1
REMC ASSETS LP,2020,Oil,26.7
REMC ASSETS LP,2021,Coal,9377385.99
REMC ASSETS LP,2021,Natural Gas,1165.8
REMC ASSETS LP,2021,Oil,1215.7
REMC ASSETS LP,2022,Coal,8716948.51
REMC ASSETS LP,2022,Natural Gas,832.6
REMC ASSETS LP,2022,Oil,114.1
REMC ASSETS LP,2023,Coal,7657403.79
REMC ASSETS LP,2023,Oil,633.7
SALT RIVER PROJECT AGRICULTURAL IMPROVEMENT & POWER DISTRICT,2011,Coal,12559324.32584
SALT RIVER PROJECT AGRICULTURAL IMPROVEMENT & POWER DISTRICT,2011,Natural Gas,3599578.3
SALT RIVER PROJECT AGRICULTURAL IMPROVEMENT & POWER DISTRICT,2011,Oil,369.9432
SALT RIVER PROJECT AGRICULTURAL IMPROVEMENT & POWER DISTRICT,2012,Coal,12496964.40303
SALT RIVER PROJECT AGRICULTURAL IMPROVEMENT & POWER DISTRICT,2012,Natural Gas,4573152.25
SALT RIVER PROJECT AGRICULTURAL IMPROVEMENT & POWER DISTRICT,2012,Oil,12.17288
SALT RIVER PROJECT AGRICULTURAL IMPROVEMENT & POWER DISTRICT,2013,Coal,13001592.30307
SALT RIVER PROJECT AGRICULTURAL IMPROVEMENT & POWER DISTRICT,2013,Natural Gas,4213958.63
SALT RIVER PROJECT AGRICULTURAL IMPROVEMENT & POWER DISTRICT,2013,Oil,777.8803800000001
SALT RIVER PROJECT AGRICULTURAL IMPROVEMENT & POWER DISTRICT,2014,Coal,12199401.359170001
SALT RIVER PROJECT AGRICULTURAL IMPROVEMENT & POWER DISTRICT,2014,Natural Gas,4088423.65
SALT RIVER PROJECT AGRICULTURAL IMPROVEMENT & POWER DISTRICT,2014,Oil,1185.14365
SALT RIVER PROJECT AGRICULTURAL IMPROVEMENT & POWER DISTRICT,2015,Coal,11528673.75532
SALT RIVER PROJECT AGRICULTURAL IMPROVEMENT & POWER DISTRICT,2015,Natural Gas,5288995.96
SALT RIVER PROJECT AGRICULTURAL IMPROVEMENT & POWER DISTRICT,2015,Oil,1185.8153
SALT RIVER PROJECT AGRICULTURAL IMPROVEMENT & POWER DISTRICT,2016,Coal,10840212.244411
SALT RIVER PROJECT AGRICULTURAL IMPROVEMENT & POWER DISTRICT,2016,Natural Gas,4761636.63
SALT RIVER PROJECT AGRICULTURAL IMPROVEMENT & POWER DISTRICT,2016,Oil,539.5011599999999
SALT RIVER PROJECT AGRICULTURAL IMPROVEMENT & POWER DISTRICT,2017,Coal,9601204.17335
SALT RIVER PROJECT AGRICULTURAL IMPROVEMENT & POWER DISTRICT,2017,Natural Gas,4310883.68
SALT RIVER PROJECT AGRICULTURAL IMPROVEMENT & POWER DISTRICT,2017,Oil,1631.76631
SALT RIVER PROJECT AGRICULTURAL IMPROVEMENT & POWER DISTRICT,2018,Coal,9561050.17038
SALT RIVER PROJECT AGRICULTURAL IMPROVEMENT & POWER DISTRICT,2018,Natural Gas,6035852.92
SALT RIVER PROJECT AGRICULTURAL IMPROVEMENT & POWER DISTRICT,2018,Oil,630.6051600000001
SALT RIVER PROJECT AGRICULTURAL IMPROVEMENT & POWER DISTRICT,2019,Coal,7855858.05297
SALT RIVER PROJECT AGRICULTURAL IMPROVEMENT & POWER DISTRICT,2019,Natural Gas,7281013.79
SALT RIVER PROJECT AGRICULTURAL IMPROVEMENT & POWER DISTRICT,2019,Oil,2792.2106200000003
SALT RIVER PROJECT AGRICULTURAL IMPROVEMENT & POWER DISTRICT,2020,Coal,8020688.426839
SALT RIVER PROJECT AGRICULTURAL IMPROVEMENT & POWER DISTRICT,2020,Natural Gas,7977037.64
SALT RIVER PROJECT AGRICULTURAL IMPROVEMENT & POWER DISTRICT,2020,Oil,2650.9461
SALT RIVER PROJECT AGRICULTURAL IMPROVEMENT & POWER DISTRICT,2021,Coal,9080580.4934
SALT RIVER PROJECT AGRICULTURAL IMPROVEMENT & POWER DISTRICT,2021,Natural Gas,6898715.25
SALT RIVER PROJECT AGRICULTURAL IMPROVEMENT & POWER DISTRICT,2021,Oil,2367.3448
SALT RIVER PROJECT AGRICULTURAL IMPROVEMENT & POWER DISTRICT,2022,Coal,8782391.69799
SALT RIVER PROJECT AGRICULTURAL IMPROVEMENT & POWER DISTRICT,2022,Natural Gas,6319369.95
SALT RIVER PROJECT AGRICULTURAL IMPROVEMENT & POWER DISTRICT,2022,Oil,2302.37148
SALT RIVER PROJECT AGRICULTURAL IMPROVEMENT & POWER DISTRICT,2023,Coal,7891479.34715
SALT RIVER PROJECT AGRICULTURAL IMPROVEMENT & POWER DISTRICT,2023,Natural Gas,7916199.03
SALT RIVER PROJECT AGRICULTURAL IMPROVEMENT & POWER DISTRICT,2023,Oil,1125.87807
SEMINOLE ELECTRIC COOPERATIVE INC,2011,Coal,7888521.3
SEMINOLE ELECTRIC COOPERATIVE INC,2011,Natural Gas,1088834.9
SEMINOLE ELECTRIC COOPERATIVE INC,2012,Coal,6833370.4
SEMINOLE ELECTRIC COOPERATIVE INC,2012,Natural Gas,1212735.2000000002
SEMINOLE ELECTRIC COOPERATIVE INC,2013,Coal,6925306.4
SEMINOLE ELECTRIC COOPERATIVE INC,2013,Natural Gas,1207090.0
SEMINOLE ELECTRIC COOPERATIVE INC,2014,Coal,7118094.3
SEMINOLE ELECTRIC COOPERATIVE INC,2014,Natural Gas,1038901.7000000001
SEMINOLE ELECTRIC COOPERATIVE INC,2015,Coal,7024874.0
SEMINOLE ELECTRIC COOPERATIVE INC,2015,Natural Gas,1015987.7
SEMINOLE ELECTRIC COOPERATIVE INC,2016,Coal,6966589.5
SEMINOLE ELECTRIC COOPERATIVE INC,2016,Natural Gas,1337716.4000000001
SEMINOLE ELECTRIC COOPERATIVE INC,2017,Coal,7175989.300000001
SEMINOLE ELECTRIC COOPERATIVE INC,2017,Natural Gas,1374839.9
SEMINOLE ELECTRIC COOPERATIVE INC,2018,Coal,7400731.6
SEMINOLE ELECTRIC COOPERATIVE INC,2018,Natural Gas,1489286.5999999999
SEMINOLE ELECTRIC COOPERATIVE INC,2019,Coal,6709211.1
SEMINOLE ELECTRIC COOPERATIVE INC,2019,Natural Gas,1464970.7
SEMINOLE ELECTRIC COOPERATIVE INC,2019,Oil,9859.9
SEMINOLE ELECTRIC COOPERATIVE INC,2020,Coal,6358629.9
SEMINOLE ELECTRIC COOPERATIVE INC,2020,Natural Gas,1699898.4
SEMINOLE ELECTRIC COOPERATIVE INC,2021,Coal,6105597.8
SEMINOLE ELECTRIC COOPERATIVE INC,2021,Natural Gas,1623624.9000000001
SEMINOLE ELECTRIC COOPERATIVE INC,2022,Coal,5764651.7
SEMINOLE ELECTRIC COOPERATIVE INC,2022,Natural Gas,1504211.5
SEMINOLE ELECTRIC COOPERATIVE INC,2023,Coal,3756998.0
SEMINOLE ELECTRIC COOPERATIVE INC,2023,Natural Gas,3167202.6999999997
SOUTH CAROLINA PUBLIC SERVICE AUTHORITY,2011,Coal,19247627.6
SOUTH CAROLINA PUBLIC SERVICE AUTHORITY,2011,Natural Gas,1806342.5
SOUTH CAROLINA PUBLIC SERVICE AUTHORITY,2012,Coal,15525584.7
SOUTH CAROLINA PUBLIC SERVICE AUTHORITY,2012,Natural Gas,2448435.1
SOUTH CAROLINA PUBLIC SERVICE AUTHORITY,2013,Coal,13780427.11
SOUTH CAROLINA PUBLIC SERVICE AUTHORITY,2013,Natural Gas,1988346.7
SOUTH CAROLINA PUBLIC SERVICE AUTHORITY,2014,Coal,16754040.690000001
SOUTH CAROLINA PUBLIC SERVICE AUTHORITY,2014,Natural Gas,1678804.2
SOUTH CAROLINA PUBLIC SERVICE AUTHORITY,2015,Coal,13329910.1
SOUTH CAROLINA PUBLIC SERVICE AUTHORITY,2015,Natural Gas,3174650.0999999996
SOUTH CAROLINA PUBLIC SERVICE AUTHORITY,2016,Coal,12791647.6
SOUTH CAROLINA PUBLIC SERVICE AUTHORITY,2016,Natural Gas,2459633.1
SOUTH CAROLINA PUBLIC SERVICE AUTHORITY,2017,Coal,9794257.11
SOUTH CAROLINA PUBLIC SERVICE AUTHORITY,2017,Natural Gas,2953736.4
SOUTH CAROLINA PUBLIC SERVICE AUTHORITY,2018,Coal,11438755.9
SOUTH CAROLINA PUBLIC SERVICE AUTHORITY,2018,Natural Gas,2502979.7
SOUTH CAROLINA PUBLIC SERVICE AUTHORITY,2019,Coal,9377298.0
SOUTH CAROLINA PUBLIC SERVICE AUTHORITY,2019,Natural Gas,2719959.5
SOUTH CAROLINA PUBLIC SERVICE AUTHORITY,2020,Coal,9052521.1
SOUTH CAROLINA PUBLIC SERVICE AUTHORITY,2020,Natural Gas,2569311.5
SOUTH CAROLINA PUBLIC SERVICE AUTHORITY,2020,Oil,0.0
SOUTH CAROLINA PUBLIC SERVICE AUTHORITY,2021,Coal,10986249.4
SOUTH CAROLINA PUBLIC SERVICE AUTHORITY,2021,Natural Gas,2392892.5
SOUTH CAROLINA PUBLIC SERVICE AUTHORITY,2022,Coal,10228166.01
SOUTH CAROLINA PUBLIC SERVICE AUTHORITY,2022,Natural Gas,2774943.6
SOUTH CAROLINA PUBLIC SERVICE AUTHORITY,2023,Coal,11325952.89
SOUTH CAROLINA PUBLIC SERVICE AUTHORITY,2023,Natural Gas,2680717.7
TALEN ENERGY CORP,2011,Coal,30702301.28808
TALEN ENERGY CORP,2011,Natural Gas,3888141.83972
TALEN ENERGY CORP,2011,Oil,38327.75778
TALEN ENERGY CORP,2012,Coal,25302505.577379998
TALEN ENERGY CORP,2012,Natural Gas,4990223.47732
TALEN ENERGY CORP,2012,Oil,7782.95334
TALEN ENERGY CORP,2013,Coal,25902292.49832
TALEN ENERGY CORP,2013,Natural Gas,4377339.00686
TALEN ENERGY CORP,2013,Oil,23252.37114
TALEN ENERGY CORP,2014,Coal,25120912.52634
TALEN ENERGY CORP,2014,Natural Gas,4397241.8753
TALEN ENERGY CORP,2014,Oil,118607.61175999999
TALEN ENERGY CORP,2015,Coal,24414629.239719998
TALEN ENERGY CORP,2015,Natural Gas,5827086.18668
TALEN ENERGY CORP,2015,Oil,50771.51638
TALEN ENERGY CORP,2016,Coal,20110219.4318
TALEN ENERGY CORP,2016,Natural Gas,5388659.96976
TALEN ENERGY CORP,2016,Oil,28738.74624
TALEN ENERGY CORP,2017,Coal,16587536.570659999
TALEN ENERGY CORP,2017,Natural Gas,3071845.58826
TALEN ENERGY CORP,2017,Oil,24594.57896
TALEN ENERGY CORP,2018,Coal,16750613.312199999
TALEN ENERGY CORP,2018,Natural Gas,3878624.3428599997
TALEN ENERGY CORP,2018,Oil,57217.99034
TALEN ENERGY CORP,2019,Coal,13096426.27302
TALEN ENERGY CORP,2019,Natural Gas,2709406.0453
TALEN ENERGY CORP,2019,Oil,18089.74458
TALEN ENERGY CORP,2020,Coal,7180660.59634
TALEN ENERGY CORP,2020,Natural Gas,2257703.88752
TALEN ENERGY CORP,2020,Oil,14030.527179999997
TALEN ENERGY CORP,2021,Coal,11025669.98398
TALEN ENERGY CORP,2021,Natural Gas,3112479.54666
TALEN ENERGY CORP,2021,Oil,27056.91074
TALEN ENERGY CORP,2022,Coal,10781313.621199999
TALEN ENERGY CORP,2022,Natural Gas,3143736.27208
TALEN ENERGY CORP,2022,Oil,39792.36946
TALEN ENERGY CORP,2023,Coal,5471993.81934
TALEN ENERGY CORP,2023,Natural Gas,4949703.50654
TALEN ENERGY CORP,2023,Oil,11972.63744
TECO ENERGY INC,2011,Coal,10114482.3
TECO ENERGY INC,2011,Natural Gas,3040341.2
TECO ENERGY INC,2011,Oil,1352437.4
TECO ENERGY INC,2012,Coal,10293919.5
TECO ENERGY INC,2012,Natural Gas,3092943.4
TECO ENERGY INC,2012,Oil,1097811.8
TECO ENERGY INC,2013,Coal,9950886.6
TECO ENERGY INC,2013,Natural Gas,4279173.0
TECO ENERGY INC,2013,Oil,276.2
TECO ENERGY INC,2014,Coal,10465604.45
TECO ENERGY INC,2014,Natural Gas,4248292.99556
TECO ENERGY INC,2014,Oil,0.0
TECO ENERGY INC,2015,Coal,8875608.15
TECO ENERGY INC,2015,Natural Gas,4988295.712331
TECO ENERGY INC,2016,Coal,7582035.83
TECO ENERGY INC,2016,Natural Gas,4801185.968061
TECO ENERGY INC,2017,Coal,5850448.15
TECO ENERGY INC,2017,Natural Gas,6174119.013107
TECO ENERGY INC,2018,Coal,3948737.6500000004
TECO ENERGY INC,2018,Natural Gas,6797290.5095484
TECO ENERGY INC,2019,Coal,1474532.26
TECO ENERGY INC,2019,Natural Gas,6963410.57
TECO ENERGY INC,2020,Coal,1099171.2
TECO ENERGY INC,2020,Natural Gas,6897339.4
TECO ENERGY INC,2021,Coal,1586923.4
TECO ENERGY INC,2021,Natural Gas,6514994.9
TECO ENERGY INC,2022,Coal,1344219.7
TECO ENERGY INC,2022,Natural Gas,6670293.0
TECO ENERGY INC,2023,Coal,892200.4
TECO ENERGY INC,2023,Natural Gas,6610280.0
THE SOUTHERN CO,2011,Coal,74568136.52488
THE SOUTHERN CO,2011,Natural Gas,18652818.825
THE SOUTHERN CO,2011,Oil,3666.0
THE SOUTHERN CO,2012,Coal,58830410.48732
THE SOUTHERN CO,2012,Natural Gas,28402111.225
THE SOUTHERN CO,2012,Oil,22375.5
THE SOUTHERN CO,2013,Coal,64129701.90844
THE SOUTHERN CO,2013,Natural Gas,27082351.45
THE SOUTHERN CO,2013,Oil,5010.153
THE SOUTHERN CO,2014,Coal,66370844.7998
THE SOUTHERN CO,2014,Natural Gas,28681862.125
THE SOUTHERN CO,2014,Oil,128882.3224
THE SOUTHERN CO,2015,Coal,57161194.742800005
THE SOUTHERN CO,2015,Natural Gas,32777715.425
THE SOUTHERN CO,2015,Oil,38548.4918
THE SOUTHERN CO,2015,Other,265279.6
THE SOUTHERN CO,2016,Coal,53990588.13052
THE SOUTHERN CO,2016,Natural Gas,34207886.25
THE SOUTHERN CO,2016,Oil,12993.230599999999
THE SOUTHERN CO,2016,Other,131295.9
THE SOUTHERN CO,2017,Coal,52315918.16136
THE SOUTHERN CO,2017,Natural Gas,33798778.65
THE SOUTHERN CO,2017,Oil,16788.6
THE SOUTHERN CO,2017,Other,129110.2
THE SOUTHERN CO,2018,Coal,48732676.60432
THE SOUTHERN CO,2018,Natural Gas,37296085.475
THE SOUTHERN CO,2018,Oil,165682.1
THE SOUTHERN CO,2019,Coal,45793514.02376
THE SOUTHERN CO,2019,Natural Gas,39581909.65
THE SOUTHERN CO,2019,Oil,12129.2
THE SOUTHERN CO,2020,Coal,36605080.68188
THE SOUTHERN CO,2020,Natural Gas,37666692.175
THE SOUTHERN CO,2020,Oil,14441.775399999999
THE SOUTHERN CO,2020,Other,164428.3
THE SOUTHERN CO,2021,Coal,45019518.34636
THE SOUTHERN CO,2021,Natural Gas,35093626.225
THE SOUTHERN CO,2021,Oil,39965.76568
THE SOUTHERN CO,2022,Coal,44016719.63836
THE SOUTHERN CO,2022,Natural Gas,37506313.25
THE SOUTHERN CO,2022,Oil,126557.15776
THE SOUTHERN CO,2022,Other,276854.2
THE SOUTHERN CO,2023,Coal,36589287.38492
THE SOUTHERN CO,2023,Natural Gas,38910372.7
THE SOUTHERN CO,2023,Oil,31620.36584
TRI-STATE GENERATION & TRANSMISSION ASSOC INC,2011,Coal,10750475.56765
TRI-STATE GENERATION & TRANSMISSION ASSOC INC,2011,Natural Gas,341724.1
TRI-STATE GENERATION & TRANSMISSION ASSOC INC,2011,Oil,9875.5526
TRI-STATE GENERATION & TRANSMISSION ASSOC INC,2012,Coal,10059630.030359998
TRI-STATE GENERATION & TRANSMISSION ASSOC INC,2012,Natural Gas,598932.5
TRI-STATE GENERATION & TRANSMISSION ASSOC INC,2012,Oil,12.184509999999998
TRI-STATE GENERATION & TRANSMISSION ASSOC INC,2013,Coal,10101391.70152
TRI-STATE GENERATION & TRANSMISSION ASSOC INC,2013,Natural Gas,457639.3
TRI-STATE GENERATION & TRANSMISSION ASSOC INC,2013,Oil,2975.28258
TRI-STATE GENERATION & TRANSMISSION ASSOC INC,2014,Coal,9987803.41821
TRI-STATE GENERATION & TRANSMISSION ASSOC INC,2014,Natural Gas,418566.10000000003
TRI-STATE GENERATION & TRANSMISSION ASSOC INC,2014,Oil,11.691209999999998
TRI-STATE GENERATION & TRANSMISSION ASSOC INC,2015,Coal,9698132.589699998
TRI-STATE GENERATION & TRANSMISSION ASSOC INC,2015,Natural Gas,390123.8
TRI-STATE GENERATION & TRANSMISSION ASSOC INC,2015,Oil,12.184509999999998
TRI-STATE GENERATION & TRANSMISSION ASSOC INC,2016,Coal,9427327.84779
TRI-STATE GENERATION & TRANSMISSION ASSOC INC,2016,Natural Gas,307736.5
TRI-STATE GENERATION & TRANSMISSION ASSOC INC,2016,Oil,9.175379999999999
TRI-STATE GENERATION & TRANSMISSION ASSOC INC,2017,Coal,9059363.30438
TRI-STATE GENERATION & TRANSMISSION ASSOC INC,2017,Natural Gas,237944.0
TRI-STATE GENERATION & TRANSMISSION ASSOC INC,2017,Oil,0.0
TRI-STATE GENERATION & TRANSMISSION ASSOC INC,2018,Coal,9364914.788679998
TRI-STATE GENERATION & TRANSMISSION ASSOC INC,2018,Natural Gas,426053.60000000003
TRI-STATE GENERATION & TRANSMISSION ASSOC INC,2018,Oil,0.9865999999999998
TRI-STATE GENERATION & TRANSMISSION ASSOC INC,2019,Coal,8998824.47796
TRI-STATE GENERATION & TRANSMISSION ASSOC INC,2019,Natural Gas,530836.7
TRI-STATE GENERATION & TRANSMISSION ASSOC INC,2019,Oil,7.991459999999998
TRI-STATE GENERATION & TRANSMISSION ASSOC INC,2020,Coal,8283277.352429999
TRI-STATE GENERATION & TRANSMISSION ASSOC INC,2020,Natural Gas,540941.0
TRI-STATE GENERATION & TRANSMISSION ASSOC INC,2020,Oil,6.610219999999999
TRI-STATE GENERATION & TRANSMISSION ASSOC INC,2021,Coal,8597310.247059999
TRI-STATE GENERATION & TRANSMISSION ASSOC INC,2021,Natural Gas,561588.7
TRI-STATE GENERATION & TRANSMISSION ASSOC INC,2021,Oil,12.727139999999999
TRI-STATE GENERATION & TRANSMISSION ASSOC INC,2022,Coal,8857051.173449999
TRI-STATE GENERATION & TRANSMISSION ASSOC INC,2022,Natural Gas,613954.5
TRI-STATE GENERATION & TRANSMISSION ASSOC INC,2022,Oil,9.42203
TRI-STATE GENERATION & TRANSMISSION ASSOC INC,2023,Coal,7294466.360539999
TRI-STATE GENERATION & TRANSMISSION ASSOC INC,2023,Natural Gas,909425.7
TRI-STATE GENERATION & TRANSMISSION ASSOC INC,2023,Oil,0.4932999999999999
UNS ENERGY CORP,2011,Coal,6671175.159
UNS ENERGY CORP,2011,Natural Gas,1267419.157474
UNS ENERGY CORP,2012,Coal,6051424.44
UNS ENERGY CORP,2012,Natural Gas,1532485.5777119999
UNS ENERGY CORP,2013,Coal,6751417.234
UNS ENERGY CORP,2013,Natural Gas,1745209.42584
UNS ENERGY CORP,2014,Coal,6019811.351
UNS ENERGY CORP,2014,Natural Gas,1405749.184158
UNS ENERGY CORP,2015,Coal,6089109.919
UNS ENERGY CORP,2015,Natural Gas,1713075.801859
UNS ENERGY CORP,2016,Coal,4926905.09
UNS ENERGY CORP,2016,Natural Gas,2308920.92335
UNS ENERGY CORP,2017,Coal,4545022.7469999995
UNS ENERGY CORP,2017,Natural Gas,1555211.963422
UNS ENERGY CORP,2018,Coal,5414278.934
UNS ENERGY CORP,2018,Natural Gas,3126305.5665229997
UNS ENERGY CORP,2019,Coal,4664668.965
UNS ENERGY CORP,2019,Natural Gas,3147035.684217
UNS ENERGY CORP,2020,Coal,4503910.921
UNS ENERGY CORP,2020,Natural Gas,3533677.443183
UNS ENERGY CORP,2021,Coal,4761058.6790000005
UNS ENERGY CORP,2021,Natural Gas,2944067.147804
UNS ENERGY CORP,2022,Coal,4400921.28
UNS ENERGY CORP,2022,Natural Gas,3047851.865592
UNS ENERGY CORP,2023,Coal,3982299.26
UNS ENERGY CORP,2023,Natural Gas,3278818.677245
US GOVERNMENT,2011,Coal,64020469.1
US GOVERNMENT,2011,Natural Gas,5991194.4
US GOVERNMENT,2011,Oil,49619.4
US GOVERNMENT,2012,Coal,60301691.4
US GOVERNMENT,2012,Natural Gas,10013031.5
US GOVERNMENT,2012,Oil,29372.4
US GOVERNMENT,2013,Coal,55323861.3
US GOVERNMENT,2013,Natural Gas,6226279.5
US GOVERNMENT,2013,Oil,31340.3
US GOVERNMENT,2014,Coal,59729444.2
US GOVERNMENT,2014,Natural Gas,6393072.3
US GOVERNMENT,2014,Oil,44946.700000000004
US GOVERNMENT,2015,Coal,52163405.5
US GOVERNMENT,2015,Natural Gas,9590040.75
US GOVERNMENT,2015,Oil,75704.6
US GOVERNMENT,2016,Coal,50332964.5
US GOVERNMENT,2016,Natural Gas,11377891.9
US GOVERNMENT,2016,Oil,22637.899999999998
US GOVERNMENT,2017,Coal,38687771.4
US GOVERNMENT,2017,Natural Gas,12379579.5
US GOVERNMENT,2017,Oil,17180.2
US GOVERNMENT,2018,Coal,32416847.5
US GOVERNMENT,2018,Natural Gas,15089475.6
US GOVERNMENT,2018,Oil,35510.9
US GOVERNMENT,2019,Coal,28626633.1
US GOVERNMENT,2019,Natural Gas,14537245.9
US GOVERNMENT,2019,Oil,42600.9
US GOVERNMENT,2020,Coal,19105588.5
US GOVERNMENT,2020,Natural Gas,15163473.4
US GOVERNMENT,2020,Oil,18202.0
US GOVERNMENT,2021,Coal,25660352.3
US GOVERNMENT,2021,Natural Gas,14475252.6
US GOVERNMENT,2021,Oil,21703.399999999998
US GOVERNMENT,2022,Coal,23917437.9
US GOVERNMENT,2022,Natural Gas,16793011.5
US GOVERNMENT,2022,Oil,89334.7
US GOVERNMENT,2023,Coal,23001561.1
US GOVERNMENT,2023,Natural Gas,14799922.8
US GOVERNMENT,2023,Oil,26427.8
Vistra Corp,2011,Coal,66480530.599999994
Vistra Corp,2011,Natural Gas,29306118.1
Vistra Corp,2011,Oil,3572.9
Vistra Corp,2012,Coal,62406533.2
Vistra Corp,2012,Natural Gas,35737506.8
Vistra Corp,2012,Oil,2802.7
Vistra Corp,2013,Coal,64213736.2
Vistra Corp,2013,Natural Gas,31999096.0
Vistra Corp,2013,Oil,6361.9
Vistra Corp,2013,Other,1521813.5
Vistra Corp,2014,Coal,62931466.3
Vistra Corp,2014,Natural Gas,34696356.0
Vistra Corp,2014,Oil,114566.8
Vistra Corp,2015,Coal,52562860.5
Vistra Corp,2015,Natural Gas,40813712.2
Vistra Corp,2015,Oil,3338.3
Vistra Corp,2016,Coal,50949841.1
Vistra Corp,2016,Natural Gas,36722420.6
Vistra Corp,2016,Oil,1961.4
Vistra Corp,2017,Coal,52593344.099999994
Vistra Corp,2017,Natural Gas,32307944.7
Vistra Corp,2017,Oil,1944.5000000000002
Vistra Corp,2018,Coal,50448618.4
Vistra Corp,2018,Natural Gas,38314041.3
Vistra Corp,2018,Oil,1505.2
Vistra Corp,2019,Coal,46795057.1
Vistra Corp,2019,Natural Gas,39486624.8
Vistra Corp,2019,Oil,1491.5
Vistra Corp,2020,Coal,43818758.300000004
Vistra Corp,2020,Natural Gas,38250207.3
Vistra Corp,2020,Oil,2147.6
Vistra Corp,2021,Coal,50155876.7
Vistra Corp,2021,Natural Gas,36433628.4
Vistra Corp,2021,Oil,829.9
Vistra Corp,2022,Coal,47779318.3
Vistra Corp,2022,Natural Gas,37046280.4
Vistra Corp,2022,Oil,525272.0
Vistra Corp,2023,Coal,42275317.8
Vistra Corp,2023,Natural Gas,43288332.3
Vistra Corp,2023,Oil,544.8
WEC Energy Group Inc,2011,Coal,15941523.675999999
WEC Energy Group Inc,2011,Natural Gas,1611252.936
WEC Energy Group Inc,2011,Oil,1062.872
WEC Energy Group Inc,2012,Coal,10991557.952
WEC Energy Group Inc,2012,Natural Gas,3178483.072
WEC Energy Group Inc,2012,Oil,8235.648
WEC Energy Group Inc,2013,Coal,13948577.287999999
WEC Energy Group Inc,2013,Natural Gas,2121787.108
WEC Energy Group Inc,2013,Oil,4758.1
WEC Energy Group Inc,2013,Other,2097.0
WEC Energy Group Inc,2014,Coal,15499728.675999999
WEC Energy Group Inc,2014,Natural Gas,1861809.4136
WEC Energy Group Inc,2014,Oil,12671.392
WEC Energy Group Inc,2014,Other,28464.5
WEC Energy Group Inc,2015,Coal,15152960.268000001
WEC Energy Group Inc,2015,Natural Gas,3606247.3064
WEC Energy Group Inc,2015,Oil,8524.779999999999
WEC Energy Group Inc,2015,Other,5745.7
WEC Energy Group Inc,2016,Coal,13252236.716
WEC Energy Group Inc,2016,Natural Gas,4342633.1268
WEC Energy Group Inc,2016,Oil,6430.004
WEC Energy Group Inc,2016,Other,4612.2
WEC Energy Group Inc,2017,Coal,14827368.472
WEC Energy Group Inc,2017,Natural Gas,3964318.2656
WEC Energy Group Inc,2017,Oil,3.656
WEC Energy Group Inc,2017,Other,8042.9
WEC Energy Group Inc,2018,Coal,15371634.796
WEC Energy Group Inc,2018,Natural Gas,4491577.8548
WEC Energy Group Inc,2018,Oil,16341.028
WEC Energy Group Inc,2018,Other,5757.7
WEC Energy Group Inc,2019,Coal,11252404.388
WEC Energy Group Inc,2019,Natural Gas,5114702.146
WEC Energy Group Inc,2019,Oil,13494.508
WEC Energy Group Inc,2019,Other,9496.5
WEC Energy Group Inc,2020,Coal,11896523.6
WEC Energy Group Inc,2020,Natural Gas,5470645.05341293
WEC Energy Group Inc,2020,Oil,2767.6279999999997
WEC Energy Group Inc,2020,Other,11168.0
WEC Energy Group Inc,2021,Coal,13825098.648
WEC Energy Group Inc,2021,Natural Gas,5136315.13365512
WEC Energy Group Inc,2021,Oil,18774.384000000002
WEC Energy Group Inc,2021,Other,15167.6
WEC Energy Group Inc,2022,Coal,11096562.936
WEC Energy Group Inc,2022,Natural Gas,5638902.5776
WEC Energy Group Inc,2022,Oil,7370.7
WEC Energy Group Inc,2022,Other,37262.9
WEC Energy Group Inc,2023,Coal,11090242.6
WEC Energy Group Inc,2023,Natural Gas,5762131.508
WEC Energy Group Inc,2023,Oil,3797.2
WEC Energy Group Inc,2023,Other,22717.7
XCEL ENERGY INC,2011,Coal,44845628.16885
XCEL ENERGY INC,2011,Natural Gas,7100135.74762
XCEL ENERGY INC,2011,Oil,2081.76644
XCEL ENERGY INC,2011,Other,41907.74
XCEL ENERGY INC,2012,Coal,41799292.06682
XCEL ENERGY INC,2012,Natural Gas,8048872.13396
XCEL ENERGY INC,2012,Oil,6703.27006
XCEL ENERGY INC,2012,Other,18129.68
XCEL ENERGY INC,2013,Coal,41865845.39127
XCEL ENERGY INC,2013,Natural Gas,7212371.06092
XCEL ENERGY INC,2013,Oil,1914.46216
XCEL ENERGY INC,2013,Other,38750.2
XCEL ENERGY INC,2014,Coal,44432655.84702
XCEL ENERGY INC,2014,Natural Gas,6821969.73236
XCEL ENERGY INC,2014,Oil,5558.78953
XCEL ENERGY INC,2014,Other,43889.479999999996
XCEL ENERGY INC,2015,Coal,42918723.21035
XCEL ENERGY INC,2015,Natural Gas,7796525.39426
XCEL ENERGY INC,2015,Oil,30250.55451
XCEL ENERGY INC,2015,Other,26142.489999999998
XCEL ENERGY INC,2016,Coal,39144348.526335
XCEL ENERGY INC,2016,Natural Gas,8323499.96728
XCEL ENERGY INC,2016,Oil,3004.2235
XCEL ENERGY INC,2016,Other,23674.36
XCEL ENERGY INC,2017,Coal,38006652.03792
XCEL ENERGY INC,2017,Natural Gas,7301656.453
XCEL ENERGY INC,2017,Oil,1675.4648399999999
XCEL ENERGY INC,2017,Other,13565.720000000001
XCEL ENERGY INC,2018,Coal,35126356.511
XCEL ENERGY INC,2018,Natural Gas,11047390.57364
XCEL ENERGY INC,2018,Oil,3631.83216
XCEL ENERGY INC,2018,Other,14699.84
XCEL ENERGY INC,2019,Coal,29446415.07338
XCEL ENERGY INC,2019,Natural Gas,12946498.39268
XCEL ENERGY INC,2019,Oil,8926.65749
XCEL ENERGY INC,2019,Other,16347.47
XCEL ENERGY INC,2020,Coal,22810191.417015
XCEL ENERGY INC,2020,Natural Gas,12329090.23872
XCEL ENERGY INC,2020,Oil,1768.40517
XCEL ENERGY INC,2020,Other,20977.91
XCEL ENERGY INC,2021,Coal,28879556.14587
XCEL ENERGY INC,2021,Natural Gas,8900728.80062
XCEL ENERGY INC,2021,Oil,37453.44394
XCEL ENERGY INC,2021,Other,16767.07
XCEL ENERGY INC,2022,Coal,27294204.5912
XCEL ENERGY INC,2022,Natural Gas,9331476.28316
XCEL ENERGY INC,2022,Oil,3731.18029
XCEL ENERGY INC,2022,Other,11027.64
XCEL ENERGY INC,2023,Coal,23839774.20317
XCEL ENERGY INC,2023,Natural Gas,11251701.55541
XCEL ENERGY INC,2023,Oil,5565.38351
XCEL ENERGY INC,2023,Other,10634.92
