parent_name,n_years,first_mt,last_mt,total_pct_change,slope_mt_per_yr,slope_ci_lo,slope_ci_hi,pct_per_yr,direction,slope_significant
AMERICAN ELECTRIC POWER CO INC,13,98.41936152945439,48.7846202728486,-50.431887064976934,-3.9040672306048125,-4.616763492258899,-3.315824699588065,-5.499859670010058,decarbonizing,True
US GOVERNMENT,13,70.410454802,38.026818262999996,-45.99265354849001,-3.171445532065826,-3.9309164193874873,-2.745162015498707,-5.970283269399525,decarbonizing,True
NRG ENERGY INC,13,58.96542715700001,21.73314953004,-63.14255559927717,-2.926447423385812,-3.749592174175709,-2.307141935623677,-7.67559612299589,decarbonizing,True
DUKE ENERGY CORP,13,102.253059762558,72.06160124166719,-29.526215245781827,-2.5780425517907646,-3.478471891541233,-1.970547948465986,-2.858175479887755,decarbonizing,True
TALEN ENERGY CORP,13,34.884552716372,10.4787748311292,-69.96156173671876,-2.1352748932037464,-2.649681413306364,-1.8690049795449868,-9.68483346911511,decarbonizing,True
XCEL ENERGY INC,13,52.2417034916926,35.2490254066756,-32.527036733630155,-1.5430771929196052,-1.9723994025173244,-1.232937704668154,-3.447654870043152,decarbonizing,True
BERKSHIRE HATHAWAY INC,13,66.8987203688486,49.3842496993898,-26.18057650862694,-1.5341951465110502,-2.0405778456124053,-1.0559782888759826,-2.4731677881560152,decarbonizing,True
EVERGY INC,13,39.489334067544,22.924449750780003,-41.94774287262179,-1.4649548345335348,-1.7994146486779772,-1.2205495488993188,-4.683976736462765,decarbonizing,True
THE SOUTHERN CO,13,93.8378968742696,75.8617556183456,-19.15659009281683,-1.4001925485029019,-2.0062389024870484,-0.8897716243562902,-1.6234161215885647,decarbonizing,True
OGE ENERGY CORP,13,23.088919758879996,7.7712859517999995,-66.34192490183017,-1.2913441733705102,-1.4025730254853799,-1.2023136934097367,-8.341914351144824,decarbonizing,True
Vistra Corp,13,96.249922612,85.93720417200001,-10.71452127974413,-1.271111582780166,-1.793754397780118,-0.9357758832654662,-1.4055885446727303,decarbonizing,True
DTE ENERGY CO,13,33.97765011,21.935698012,-35.44080317212967,-0.891305781505464,-1.1765900297624634,-0.617281522915434,-3.068727214650931,decarbonizing,True
AMEREN CORP,13,37.260492019999994,19.66952287,-47.21078063209106,-0.8832594100329755,-1.2350676468704684,-0.42559684332741954,-3.1495004770497816,decarbonizing,True
TECO ENERGY INC,13,14.584126156000002,7.5162026200000005,-48.46312669266244,-0.729732195870064,-0.9210158257477209,-0.6259219243202665,-6.426053714211331,decarbonizing,True
PINNACLE WEST CAPITAL CORP,13,18.734125641059997,10.537824433639999,-43.750647158338595,-0.6890587728142689,-0.941356920903172,-0.3853231935667412,-4.852621969166249,decarbonizing,True
DOMINION ENERGY INC,13,34.44740401999999,28.231416741,-18.044864209189818,-0.6575734378076253,-1.5319137740102209,-0.053588087451570614,-1.8281070135618367,decarbonizing,True
PPL CORP,13,33.916124254,26.77140922,-21.065835767355907,-0.6006040510878933,-0.7673055669052747,-0.4750937519581228,-1.96893196506691,decarbonizing,True
SOUTH CAROLINA PUBLIC SERVICE AUTHORITY,13,21.200034256000002,14.096572936,-33.50683887687394,-0.5940622342747295,-0.908061709430976,-0.30170161257819234,-3.919370173623555,decarbonizing,True
AES CORP,13,17.740816088,12.393435468,-30.14168341228114,-0.42580641452746165,-0.6924914601703606,-0.2090663083637304,-2.8275685142557383,decarbonizing,True
OMAHA PUBLIC POWER DISTRICT,13,12.538502204,7.767449699999999,-38.05121557882689,-0.4033791958571258,-0.4871431143437857,-0.3291616712946829,-3.7684647292491693,decarbonizing,True
ALLIANT ENERGY CORP,13,17.5204879296344,12.9781306224172,-25.925974924101236,-0.3295148929053888,-0.4635070170358295,-0.1745159415807476,-2.19998635507697,decarbonizing,True
ARKANSAS ELECTRIC COOPERATIVE CORP,13,10.2678335617,6.779310196795,-33.97526210317166,-0.3271646969367297,-0.49839738091621255,-0.18965400612859337,-3.9922353028060305,decarbonizing,True
OGLETHORPE POWER CORP,13,12.370440785200001,10.016297398,-19.030392110332063,-0.22434907813405636,-0.3160289859614394,-0.12537083152730866,-1.9717162209941828,decarbonizing,True
NEBRASKA PUBLIC POWER DISTRICT,13,10.918633188000001,8.312557064,-23.86815345041703,-0.2218184450439538,-0.31390363062127025,-0.14378782152525996,-2.4346724474942287,decarbonizing,True
TRI-STATE GENERATION & TRANSMISSION ASSOC INC,13,11.184528605816999,8.2624055084358,-26.126475244217467,-0.19216177898656983,-0.23688774921426195,-0.13243771256396844,-1.955227535909858,decarbonizing,True
EAST KENTUCKY POWER COOPERATIVE INC,13,10.511651052000001,8.15893361,-22.381997179713846,-0.13438688605495197,-0.31596240997373815,0.03604871171297325,-1.5836636892669103,decarbonizing,False
SALT RIVER PROJECT AGRICULTURAL IMPROVEMENT & POWER DISTRICT,13,16.2609154001292,15.877678105612,-2.356800248245276,-0.11920565103205547,-0.23549847060538945,-0.03552414919846641,-0.7457166316772565,decarbonizing,True
NEXTERA ENERGY INC,13,42.6646410782974,42.308580718371,-0.8345560889003308,-0.10671456361307304,-0.32197655945587006,0.08204174041318432,-0.2538347676388725,decarbonizing,False
FIRSTENERGY CORP,13,16.800783538,15.258135972,-9.181997747371971,-0.10406359723076078,-0.33336661161019127,0.13786677765545113,-0.6187996715741378,decarbonizing,False
SEMINOLE ELECTRIC COOPERATIVE INC,13,9.049480800000001,6.97246142,-22.951807135719886,-0.09565497395604397,-0.15278432739050246,-0.011702344465565857,-1.1715036964906835,decarbonizing,True
REMC ASSETS LP,13,8.95395729,7.7163470499999995,-13.821935931972714,-0.06728645294504984,-0.13888859831628386,0.010435930242229986,-0.7559031031390636,decarbonizing,False
LIGHTSTONE GENERATION LLC,13,20.22939429,19.136181374,-5.404081310236792,-0.06287501217582935,-0.22564354340256632,0.15323270542231773,-0.32906830969673245,decarbonizing,False
BASIN ELECTRIC POWER COOPERATIVE,13,16.5695517914594,18.2013295304914,9.848049962782229,-0.035540215981685955,-0.2781544104935621,0.1611383513383371,-0.18649869989584666,decarbonizing,False
MARATHON PETROLEUM CORP,13,7.07939705,6.633324474,-6.300996721182628,-0.028735144890107346,-0.072740195558706,0.019979791890259013,-0.40416190391329415,decarbonizing,False
UNS ENERGY CORP,13,7.993697378235121,7.295955462959521,-8.728650613862118,-0.027536121114179263,-0.08081378281720245,0.05113263571251134,-0.35811280137632895,decarbonizing,False
EXXON MOBIL CORP,13,6.303441648,5.9798366739999995,-5.1337823378229555,-0.011982999395607073,-0.05382122133693781,0.04139956257193447,-0.2031308589132041,decarbonizing,False
CPS ENERGY,13,12.180058734000001,10.609733430165553,-12.892592212638238,0.0006544736172496375,-0.20011011962015235,0.30280969188293455,0.006225718488285284,growing,False
CLECO CORPORATE HOLDINGS LLC,13,8.8663858671008,8.6120581581472,-2.868448461027355,0.015432604215626795,-0.08730660063762319,0.13518187246731214,0.16131603938909347,growing,False
PUGET HOLDINGS LLC,13,5.260899839554,7.340460139574,39.528604676805585,0.049698514925377774,-0.09268055240966402,0.14287924466135124,0.8024622054603969,growing,False
ASSOCIATED ELECTRIC COOPERATIVE INC,13,16.469136408,15.571682052000002,-5.449310357063132,0.05992181274724877,-0.047324181714527826,0.2135357369903527,0.3610563778206698,growing,False
LOWER COLORADO RIVER AUTHORITY,13,8.559393919115601,8.428181742077799,-1.5329610750215388,0.0981845733402261,-0.0075368459034273645,0.2347270766182231,1.1086136433619533,growing,False
CMS ENERGY CORP,13,16.7598055877294,16.5943864522564,-0.9869991307900903,0.11836472107048633,-0.05536068425473894,0.2984222002287415,0.6600927440498772,growing,False
WEC Energy Group Inc,13,17.639883473919998,16.94866351912,-3.9185063542054803,0.12622407038900105,-0.11836285187525289,0.39494520116829956,0.7127598584602355,growing,False
ARCLIGHT ENERGY PARTNERS FUND VII LP,13,8.136427279,10.185496837,25.183898137805766,0.14665164334065403,0.056563272661443925,0.23613275677839815,1.6468020672919192,growing,True
BUCKEYE POWER INC,13,7.453482984,9.42183957,26.40854738952738,0.17545103720879227,0.02738916329185901,0.304324675855502,1.897134706204853,growing,True
ENTERGY CORP,13,35.637992218617995,37.8332211539876,6.159799693268845,0.1894738515524044,-0.06505684302809586,0.3824714628204449,0.5241451602730257,growing,False
CONSTELLATION ENERGY CORP,13,6.3870495,8.929938686,39.813206176028544,0.33179108353843617,0.19475599542658434,0.5704541792905806,5.015073859265157,growing,True
"LS Power Development, LLC",13,4.220987749,10.829542342,156.56417374264214,0.4548690196593364,0.29273751460993147,0.5700831226827943,5.689091569914498,growing,True
CPN MANAGEMENT LP,13,34.562221200180005,47.673630704740006,37.93566804812798,0.5041489554578222,-0.02627498691928244,0.9027749600282227,1.214785478739413,growing,False
PRAIRIE STATE ENERGY CAMPUS MANAGEMENT CO,13,0.016495288,11.456294642000001,69351.92252478407,0.7258185513296961,0.251436302537148,1.2371125637344769,7.485211714081001,growing,True
